id,genre,votes
630104,Young Adult,161
630104,Mystery,45
630104,Romance,32
9487,Christian Fiction,114
9487,Christian,45
9487,Fiction,33
9487,Romance,16
6050894,Christian Fiction,174
6050894,Christian,81
6050894,Fiction,58
39030,Thriller,626
39030,Mystery,493
39030,Horror,432
39030,Fiction,422
998,Economics-Finance,1162
998,Nonfiction,910
998,Business,817
998,Finance-Personal Finance,471
998,Self Help,327
998,Currency-Money,296
998,Economics,178
998,Self Help-Personal Development,114
998,Audiobook,52
998,Psychology,49
311164,Romance,550
311164,Historical-Historical Fiction,316
311164,Historical-Regency,234
311164,Romance-Historical Romance,229
311164,Historical,198
311164,Fiction,161
32105,Romance,725
32105,Historical-Historical Fiction,395
32105,Romance-Historical Romance,332
32105,Historical-Regency,285
32105,Historical,252
32105,Fiction,173
377993,Fiction,106
377993,American-Southern,26
377993,Gothic-Southern Gothic,23
71292,Sequential Art-Comics,947
71292,Sequential Art-Graphic Novels,319
71292,Sequential Art-Bande Dessinée,160
71292,Fiction,142
71292,Humor,112
71292,Cultural-France,96
821003,Poetry,599
821003,Childrens,384
821003,Classics,301
821003,Fiction,149
24876258,Fantasy,2449
24876258,Science Fiction-Steampunk,889
24876258,Fiction,343
24876258,Science Fiction,333
24876258,Audiobook,133
24876258,Adventure,129
24876258,Science Fiction Fantasy,103
24876258,Adult,85
24876258,Fantasy-Epic Fantasy,58
24876258,Fantasy-Urban Fantasy,53
80631,Mystery,195
80631,Fiction,146
80631,Thriller,127
80631,Suspense,51
81048,Art,81
81048,Nonfiction,37
81048,Self Help,14
81048,Autobiography-Memoir,10
81048,Inspirational,9
81048,Language-Writing,9
7640261,Nonfiction,1134
7640261,Science,560
7640261,History,426
7640261,Sexuality,330
7640261,Psychology,307
7640261,Anthropology,211
22028,Fiction,283
22028,Mystery-Crime,112
22028,Thriller,60
22028,Mystery,38
176892,Fantasy,1109
176892,Fantasy-Dragons,132
176892,Fiction,88
176892,Science Fiction Fantasy,45
176892,Fantasy-High Fantasy,43
138811,History,244
138811,Nonfiction,64
138811,Cultural-Russia,47
138811,Military-Military History,26
138811,War,20
138811,War-Military Fiction,19
15990489,Fiction,653
15990489,Cultural-Ireland,151
15990489,Romance,118
15990489,Womens Fiction-Chick Lit,114
15990489,Audiobook,102
15990489,Contemporary,86
15990489,Adult Fiction,61
15990489,European Literature-Irish Literature,44
15990489,Adult,43
15990489,Womens Fiction,30
15743075,Romance,357
15743075,Romance-Historical Romance,330
15743075,Historical,187
15743075,Adult Fiction-Erotica,155
15743075,Adult,69
16116760,Romance,184
16116760,Young Adult,172
16116760,Contemporary,92
16116760,Fiction,89
13549445,Historical-Historical Fiction,91
13549445,Romance,39
13549445,Fiction,28
13549445,Historical,25
13549445,War-World War II,23
13549445,World War II-Holocaust,21
550844,Horror,1714
550844,Fiction,434
550844,Fantasy,164
550844,Shapeshifters-Werewolves,159
18523711,Fantasy-Paranormal,249
18523711,Romance,198
18523711,Romance-Paranormal Romance,182
18523711,Adult Fiction-Erotica,107
18523711,Science Fiction,67
17234659,Young Adult,617
17234659,Science Fiction,414
17234659,Romance,318
17234659,Fantasy,295
165782,Fiction,170
165782,Magical Realism,46
165782,Fantasy,35
165782,Romance,23
165782,Contemporary,19
23346719,Fiction,289
23346719,Thriller,286
23346719,Mystery,190
23346719,Suspense,81
23346719,Thriller-Mystery Thriller,77
274400,Mystery,896
274400,Historical-Historical Fiction,195
274400,Fiction,182
274400,Historical,90
274400,Mystery-Historical Mystery,80
1977834,Fiction,163
1977834,Cultural-France,84
1977834,European Literature-French Literature,43
1977834,Literature,36
228345,Nonfiction,680
228345,History,111
228345,Crime-True Crime,105
228345,Biography,78
228345,Science,74
7831145,Romance-Paranormal Romance,793
7831145,Fantasy-Paranormal,670
7831145,Romance,669
7831145,Paranormal-Shapeshifters,282
7831145,Fantasy,278
7831145,Fantasy-Urban Fantasy,244
58893,Fantasy,1984
58893,Young Adult,756
58893,Fantasy-Magic,210
58893,Fiction,206
58893,Young Adult-Young Adult Fantasy,142
153783,Fantasy,1468
153783,Young Adult,624
153783,Fiction,161
153783,Fantasy-Magic,150
870461,Christian Fiction,132
870461,Christian,60
870461,Fiction,36
870461,Romance,32
870461,Adult Fiction,10
870461,Contemporary,7
870461,Romance-Christian Romance,7
870461,Inspirational,6
870461,Adult,5
870461,Novels,4
286136,Fiction,53
286136,Adventure,37
286136,Fantasy-Magic,29
286136,Fantasy,22
6419887,Nonfiction,732
6419887,Cultural-Africa,289
6419887,Autobiography-Memoir,264
6419887,Biography,211
6419887,Science,184
6419887,Eastern Africa-Malawi,70
6419887,Biography Memoir,69
6419887,Biography-Autobiography,52
6419887,Inspirational,45
6419887,Academic-School,36
228244,World War II-Holocaust,177
228244,Short Stories,175
228244,History,163
228244,Nonfiction,108
228244,War,91
228244,European Literature-Polish Literature,76
3004139,Fiction,174
3004139,Historical-Historical Fiction,170
3004139,Science Fiction-Time Travel,112
3004139,Fantasy,55
3004139,Historical,37
93729,Young Adult,1291
93729,Romance,470
93729,Womens Fiction-Chick Lit,349
93729,Fiction,322
93729,Contemporary,307
71869,Young Adult,423
71869,Fiction,159
71869,War,111
900682,Plays,454
900682,Classics,302
900682,Academic-School,143
900682,Fiction,113
900682,Mystery,105
900682,Drama,105
7519640,Nonfiction,633
7519640,War,370
7519640,War-Military Fiction,265
7519640,History,264
124923,Fiction,109
124923,Thriller,37
124923,Suspense,15
124923,Novels,14
2214574,Historical-Historical Fiction,560
2214574,Fantasy,453
2214574,Fiction,386
2214574,Fantasy-Mythology,169
2214574,Historical,157
4842437,Thriller,231
4842437,Mystery-Crime,30
4842437,European Literature-German Literature,29
7163862,Fantasy,649
7163862,Fantasy-Urban Fantasy,358
7163862,Fiction,300
7163862,Science Fiction,243
7163862,Mystery,153
7163862,Cultural-Africa,100
8662135,Fantasy,187
8662135,Young Adult,109
8662135,Romance,39
97860,Childrens-Picture Books,1157
97860,Childrens,372
97860,Fantasy,191
10587120,History,1349
10587120,Nonfiction,962
10587120,Biography,366
10587120,Historical,192
10587120,North American Hi...-American History,163
10587120,Military History-Civil War,149
10587120,Politics,99
10587120,Audiobook,76
10587120,Politics-Presidents,66
10587120,Crime-True Crime,47
79484,Historical-Historical Fiction,607
79484,Fiction,158
79484,Historical,122
79484,Romance,114
79484,Romance-Historical Romance,58
26936,Short Stories,202
26936,Fiction,125
26936,Literature,16
1438096,Fantasy,428
1438096,Young Adult,156
1438096,Fiction,61
1438096,Childrens,36
91760,Art,497
91760,Nonfiction,278
91760,Biography,138
91760,Autobiography-Memoir,110
621687,Fantasy,217
621687,Young Adult,153
621687,Science Fiction-Time Travel,152
621687,Historical-Historical Fiction,138
621687,Science Fiction,100
621687,Fiction,87
621687,Childrens,50
621687,Adventure,47
621687,Childrens-Middle Grade,45
621687,Historical,45
199635,Fiction,172
199635,Historical-Historical Fiction,111
199635,American-Southern,50
39097,Romance,125
39097,Romance-Historical Romance,91
39097,Fantasy-Paranormal,52
39097,Historical,45
39097,Fantasy,36
39097,Romance-Paranormal Romance,29
39097,Historical-Historical Fiction,27
25975141,Fantasy,5
25975141,Fantasy-Magic,2
1783289,Young Adult,126
1783289,Mystery,43
1783289,Womens Fiction-Chick Lit,27
1783289,Romance,24
1783289,Fiction,22
1783289,School Stories-Boarding School,21
1783289,Contemporary,19
1783289,Young Adult-Teen,18
1783289,Young Adult-High School,12
1783289,Realistic Fiction,8
5498077,Fantasy,84
5498077,Animals,45
7704979,Young Adult,82
7704979,Fantasy-Paranormal,57
7704979,Fantasy,47
7704979,Romance,40
7704979,Paranormal-Ghosts,31
7704979,Fantasy-Supernatural,17
7704979,Romance-Paranormal Romance,13
7704979,Fiction,11
7704979,Fantasy-Urban Fantasy,9
7704979,Womens Fiction-Chick Lit,7
24764,Young Adult,344
24764,Paranormal-Vampires,204
24764,Fantasy,190
24764,Fantasy-Paranormal,101
24764,Science Fiction,94
24764,Fiction,83
239065,Horror,466
239065,Fiction,164
239065,Thriller,75
239065,Science Fiction,70
239065,Fantasy,34
239065,Adventure,33
475965,Fiction,76
475965,European Literature-Polish Literature,73
475965,Cultural-Poland,17
475965,Novels,13
475965,Literature,11
7129468,Young Adult,101
7129468,Realistic Fiction,47
7129468,Womens Fiction-Chick Lit,39
7129468,Romance,32
7129468,Contemporary,31
1891296,Fantasy,288
1891296,Fantasy-Dragons,153
1891296,Young Adult,58
1891296,Fiction,44
294042,Thriller,441
294042,Fiction,317
294042,Adventure,196
294042,Mystery,116
6556261,Horror,167
6556261,Fantasy,138
6556261,Young Adult,102
6556261,Fiction,39
8685644,Young Adult,268
8685644,Fantasy-Paranormal,202
8685644,Paranormal-Ghosts,154
8685644,Fantasy,138
8685644,Historical-Historical Fiction,135
8685644,Mystery,107
15549,Fantasy,1213
15549,Fiction,123
15549,Science Fiction Fantasy,53
15549,Science Fiction,51
15549,Fantasy-Epic Fantasy,50
15549,Science Fiction-Dystopia,48
15549,Apocalyptic-Post Apocalyptic,46
15549,Fantasy-Urban Fantasy,39
15549,Science Fiction-Apocalyptic,18
15549,Adult,18
10414941,History,1896
10414941,Biography,1631
10414941,Nonfiction,1325
10414941,Cultural-Russia,422
10414941,Historical,201
10414941,Biography Memoir,154
10414941,History-Russian History,101
10414941,Audiobook,88
10414941,History-European History,57
10414941,Literature-18th Century,56
10065348,Fantasy,50
10065348,Science Fiction,19
10065348,Adventure,16
10065348,Childrens-Middle Grade,11
10065348,Fiction,10
11242368,Fantasy,150
11242368,Childrens-Middle Grade,44
11242368,Science Fiction,35
11242368,Young Adult,34
11242368,Adventure,29
11242368,Fiction,27
19286623,Romance,1000
19286623,New Adult,503
19286623,Contemporary,389
19286623,Romance-Contemporary Romance,354
19286623,Music,270
19286623,Humor,116
19286623,Adult,110
19286623,Music-Musicians,101
19286623,Adult Fiction-Erotica,99
19286623,Fiction,64
100629,Nonfiction,236
100629,Science,217
100629,Religion-Buddhism,184
100629,Philosophy,176
100629,Spirituality,158
100629,Religion,116
28978,Mystery,230
28978,Fiction,72
28978,Cultural-Italy,66
28978,Mystery-Crime,60
7943678,Young Adult,31
7943678,Fantasy-Paranormal,27
7943678,Fantasy,20
7943678,Romance,16
7943678,Paranormal-Ghosts,13
7943678,Fantasy-Supernatural,10
7943678,Fantasy-Urban Fantasy,4
7943678,Romance-Paranormal Romance,4
7943678,Womens Fiction-Chick Lit,3
7943678,Childrens,3
167302,Fiction,205
167302,Cultural-Ireland,111
167302,Historical-Historical Fiction,105
167302,European Literature-Irish Literature,60
311308,Romance,749
311308,Historical-Historical Fiction,378
311308,Romance-Historical Romance,374
311308,Historical,298
311308,Historical-Regency,227
311308,Fiction,169
311308,Historical Romance-Regency Romance,77
311308,Classics,61
311308,Historical-Georgian,30
311308,European Literature-British Literature,25
16356,Mystery,778
16356,Fiction,190
16356,Mystery-Crime,168
16356,Short Stories,149
82553,Young Adult,401
82553,Fiction,153
82553,War,108
82553,Science Fiction-Dystopia,68
82553,Cultural-Australia,55
82553,Adventure,43
82553,Action,41
82553,Science Fiction,30
82553,Young Adult-Teen,30
82553,Adventure-Survival,21
16130758,Fantasy,1206
16130758,Young Adult,301
16130758,Fantasy-Magic,257
16130758,Romance,213
13425352,Young Adult,166
13425352,Science Fiction,127
13425352,Fantasy,106
13425352,Science Fiction-Aliens,62
922119,Romance-Romantic Suspense,110
922119,Contemporary,65
922119,Romance,61
922119,Romance-Contemporary Romance,50
922119,Suspense,46
922119,Adult Fiction-Erotica,35
5350,Fiction,1135
5350,Thriller,473
5350,Mystery,402
5350,Thriller-Legal Thriller,229
294285,Nonfiction,142
294285,Horror,96
294285,Fantasy-Paranormal,68
294285,Science Fiction-Aliens,45
294285,Autobiography-Memoir,30
294285,Biography,25
294285,Biography-Autobiography,14
294285,Fantasy-Supernatural,9
294285,Pseudoscience-Conspiracy Theories,9
294285,Mystery,8
22852698,Fantasy,651
22852698,Fiction,91
22852698,Fantasy-Epic Fantasy,72
22852698,Fantasy-Dark Fantasy,54
457762,Childrens-Picture Books,929
457762,Childrens,390
457762,Fantasy,149
618924,Historical-Historical Fiction,140
618924,Historical,32
618924,Northern Africa-Egypt,29
618924,Fiction,29
13151,Mystery,454
13151,Fiction,324
13151,Thriller,235
13151,Mystery-Crime,169
402,Fiction,344
402,Novels,67
402,Literature-American,46
402,Literature,44
104216,Fiction,97
104216,American-Southern,39
104216,Historical-Historical Fiction,17
104216,Womens Fiction-Chick Lit,15
104216,Romance,14
244475,Mystery,128
244475,Fantasy-Paranormal,103
244475,Romance,59
244475,Romance-Romantic Suspense,54
244475,Fiction,53
244475,Suspense,50
244475,Thriller,47
7893,Classics,56
7893,Young Adult,42
7893,Fiction,36
7893,Historical-Historical Fiction,35
7893,Childrens,26
7893,Historical,17
878307,Fantasy,300
878307,Fiction,92
878307,Animals,58
12447,Fiction,216
12447,Classics,129
12447,Literature,29
12447,Novels,21
85993,Young Adult,829
85993,Romance,309
85993,Womens Fiction-Chick Lit,242
85993,Contemporary,210
85993,Fiction,192
226425,Nonfiction,105
226425,Biography,71
226425,Autobiography-Memoir,69
226425,Childrens,30
3942622,Romance-Paranormal Romance,326
3942622,Paranormal-Vampires,316
3942622,Fantasy-Paranormal,295
3942622,Romance,290
3942622,Fantasy,86
47241,Fantasy,493
47241,Fantasy-Urban Fantasy,174
47241,Science Fiction,92
47241,Romance,68
47241,Fantasy-Magic,51
47241,Fiction,51
47241,Fairies-Fae,36
47241,Fantasy-Paranormal,19
47241,Science Fiction Fantasy,19
47241,Science Fiction-Steampunk,13
339026,Fantasy,693
339026,Young Adult,175
339026,Adventure,100
339026,Fiction,98
339026,Childrens-Middle Grade,86
37451,Young Adult,663
37451,Womens Fiction-Chick Lit,207
37451,Fiction,166
37451,Contemporary,136
11273356,Romance,225
11273356,Science Fiction,190
11273356,Science Fiction-Aliens,166
11273356,Fantasy-Paranormal,124
11273356,Romance-Paranormal Romance,101
11273356,Adult Fiction-Erotica,83
11273356,Fantasy,71
11273356,Romance-Science Fiction Romance,71
11273356,Adult,42
11273356,Paranormal-Vampires,37
13075513,Erotica-Young Adult Young Adult Romance,443
13075513,Adult Fiction-Erotica,207
13075513,Romance,169
13075513,War-Military Fiction,89
13075513,Romance-Contemporary Romance,68
146106,Sequential Art-Comics,522
146106,Sequential Art-Graphic Novels,195
146106,Sequential Art-Bande Dessinée,107
146106,Fiction,85
146106,Adventure,70
140278,Mystery,2104
140278,Fiction,576
140278,Mystery-Crime,509
140278,Classics,302
140278,Mystery-Detective,165
137098,Womens Fiction-Chick Lit,608
137098,Romance,213
137098,Fiction,157
137098,Contemporary,60
2206960,Young Adult,120
2206960,Mystery,49
112075,Historical-Historical Fiction,227
112075,Historical,73
112075,Fiction,60
112075,Cultural-Italy,10
50725,Fiction,193
50725,Classics,140
50725,Historical-Historical Fiction,43
50725,Romance,38
50725,European Literature-British Literature,32
50725,Humor,23
50725,Novels,18
50725,Literature-20th Century,18
50725,Literature,16
50725,Historical,15
6503152,Romance-Paranormal Romance,199
6503152,Fantasy-Paranormal,186
6503152,Romance,173
6503152,Paranormal-Vampires,156
6503152,Anthologies,89
264587,Cultural-Africa,119
264587,Fiction,98
264587,Western Africa-Ghana,55
264587,Literature-African Literature,47
264587,Historical-Historical Fiction,16
1933181,Historical-Historical Fiction,1422
1933181,Historical,230
1933181,Fiction,219
1933181,English History-Tudor Period,108
1933181,European Literature-British Literature,88
13806,Fantasy,780
13806,Fiction,88
13806,Fantasy-Epic Fantasy,64
13806,Fantasy-High Fantasy,28
13806,Fantasy-Dark Fantasy,25
12700306,Fantasy-Urban Fantasy,1479
12700306,Fantasy,1388
12700306,Fiction,209
12700306,Fantasy-Paranormal,203
12700306,Fantasy-Magic,197
12700306,Fantasy-Mythology,174
17558817,New Adult,1163
17558817,Romance,951
17558817,Contemporary,393
17558817,Academic-College,216
17558817,Romance-Contemporary Romance,183
17558817,Young Adult,86
17558817,Sociology-Abuse,80
17558817,Womens Fiction-Chick Lit,48
17558817,Fiction,44
17558817,Adult,44
6572,Horror,566
6572,Fiction,101
6572,Thriller,55
6572,Mystery,44
13570639,Fantasy,165
13570639,Romance,131
13570639,Fantasy-Fairy Tales,111
13570639,Young Adult,105
13570639,Fairy Tales-Beauty and The Beast,64
13570639,Retellings,64
45234,Fiction,618
45234,Humor,289
45234,Mystery,240
45234,Thriller,191
45234,Mystery-Crime,130
6420,Mystery,1145
6420,Fiction,426
6420,Humor,333
6420,Womens Fiction-Chick Lit,270
6420,Romance,207
13012638,Fantasy,36
13012638,Science Fiction,13
13012638,Adventure,10
13012638,Young Adult,9
13012638,Fiction,9
13012638,Comics-Superheroes,9
6519314,Historical-Historical Fiction,279
6519314,Fiction,141
6519314,Romance,42
6519314,Cultural-Canada,38
6519314,Historical,33
10222362,Young Adult,435
10222362,Science Fiction,399
10222362,Science Fiction-Dystopia,130
10222362,Fantasy,89
10222362,Romance,81
10222362,Fiction,74
10222362,Thriller,58
10222362,Mystery,38
10222362,Science Fiction-Robots,35
10222362,Action,27
16707,Fiction,982
16707,Contemporary,114
16707,Novels,96
16707,Literature,85
16707,Literary Fiction,83
125432,Fiction,114
125432,Classics,101
125432,Historical-Historical Fiction,90
125432,War,56
125432,European Literature-German Literature,46
313605,Business,1383
313605,Nonfiction,683
313605,Psychology,278
313605,Self Help,245
313605,Leadership,195
313605,Language-Communication,166
313605,Business-Management,148
313605,Self Help-Personal Development,110
313605,Buisness,57
313605,Law,55
25242224,Fiction,1096
25242224,Cultural-Italy,327
25242224,Historical-Historical Fiction,211
25242224,European Literature-Italian Literature,196
25242224,Novels,122
25242224,Audiobook,118
25242224,Literary Fiction,108
25242224,Contemporary,104
25242224,Feminism,64
25242224,Womens,63
8296,Historical-Historical Fiction,671
8296,Classics,609
8296,Childrens,458
8296,Fiction,425
8296,Young Adult,296
8296,Historical,215
8296,Childrens-Middle Grade,99
8296,Childrens-Juvenile,60
8296,Family,37
8296,Childrens-Chapter Books,32
7958,Historical-Historical Fiction,420
7958,Fiction,189
7958,Religion,84
7958,Historical,49
7958,Christianity-Lds,45
7958,Biblical Fiction,44
93794,Fiction,496
93794,Thriller,487
93794,Mystery,323
93794,Spy Thriller-Espionage,185
93794,Suspense,104
943903,Fiction,5
943903,Animals,3
545875,Mystery,125
545875,Romance-Romantic Suspense,94
545875,Suspense,77
545875,Romance,75
545875,Thriller,71
545875,Fiction,53
6064646,Young Adult,203
6064646,Fantasy,131
6064646,Fantasy-Paranormal,116
6064646,Romance,99
6064646,Paranormal-Ghosts,79
149621,Fiction,204
149621,Thriller,184
149621,Adventure,69
149621,Mystery,42
149621,Action,30
11750412,Young Adult,271
11750412,Fantasy-Paranormal,239
11750412,Fantasy,180
11750412,Paranormal-Vampires,115
11750412,Fantasy-Urban Fantasy,79
11750412,Fantasy-Supernatural,68
102661,Fiction,184
102661,Cultural-Canada,136
102661,Classics,52
15815333,Fiction,2009
15815333,Contemporary,278
15815333,Literary Fiction,206
11237412,Young Adult,247
11237412,Fantasy,169
11237412,Science Fiction,162
11237412,Science Fiction-Aliens,86
11237412,Fiction,71
11237412,Short Stories,44
11237412,Fantasy-Paranormal,37
11237412,Adventure,36
11237412,Novella,24
11237412,Fantasy-Supernatural,19
127028,Fiction,351
127028,Classics,292
127028,Historical-Historical Fiction,75
177523,Philosophy,447
177523,Politics,272
177523,Nonfiction,212
177523,Classics,166
177523,History,164
13605496,Erotica-BDSM,119
13605496,Romance,68
13605496,Adult Fiction-Erotica,48
13605496,Sociology-Abuse,27
13605496,Adult,24
13605496,Romance-Contemporary Romance,17
17735,Science Fiction,366
17735,Fiction,172
22693811,Childrens-Middle Grade,148
22693811,Fiction,105
22693811,Childrens,83
22693811,Realistic Fiction,75
22693811,Audiobook,33
22693811,Childrens-Juvenile,32
22693811,Young Adult,31
22693811,Family,29
22693811,Contemporary,26
22693811,Childrens-Chapter Books,12
696703,Christian,84
696703,Christian-Christian Living,49
696703,Nonfiction,36
696703,Religion-Christianity,22
696703,Relationships,21
696703,Religion-Theology,16
696703,Religion,15
79090,Nonfiction,171
79090,Crime-True Crime,156
79090,Autobiography-Memoir,53
79090,Mystery-Crime,42
79090,Biography,27
153193,Paranormal-Vampires,574
153193,Fantasy-Paranormal,564
153193,Romance,417
153193,Romance-Paranormal Romance,356
153193,Fantasy,330
153193,Fantasy-Urban Fantasy,293
153193,Womens Fiction-Chick Lit,250
826583,Childrens-Picture Books,329
826583,Holiday-Christmas,227
826583,Childrens,164
826583,Holiday,49
826583,Animals,43
826583,Fiction,41
826583,Childrens-Storytime,20
826583,Humor,13
826583,Fantasy,13
826583,Kids,12
266599,Sequential Art-Manga,465
266599,Paranormal-Vampires,179
266599,Sequential Art-Graphic Novels,89
266599,Young Adult,79
266599,Romance,63
266599,Fantasy,57
266599,Fantasy-Paranormal,35
266599,Sequential Art-Comics,26
266599,Fantasy-Supernatural,22
266599,Fiction,17
10329483,Christian Fiction,53
10329483,Historical-Historical Fiction,42
10329483,Romance,29
10329483,Christian,27
10329483,Romance-Christian Romance,16
10329483,Fiction,13
10329483,Romance-Historical Romance,13
511528,Childrens,123
511528,Fiction,55
2917367,Fantasy,484
2917367,Fiction,41
2917367,Fantasy-Magic,18
2917367,Romance,14
782898,Historical-Historical Fiction,203
782898,Fiction,107
782898,Historical,37
782898,Romance,33
117904,Novels,73
117904,Fiction,35
117904,Literature,17
3064278,Fiction,29
3064278,Classics,28
3064278,Historical-Historical Fiction,19
3064278,Literature,17
13438524,Fiction,1786
13438524,Literary Fiction,171
13438524,Contemporary,159
13438524,Environment,151
13438524,Book Club,108
13438524,Adult Fiction,107
13438524,Novels,106
13438524,Environment-Climate Change,105
13438524,Audiobook,99
13438524,Environment-Nature,97
15710495,Erotica-BDSM,79
15710495,Romance,57
15710495,Romance-Contemporary Romance,17
15710495,Romance-Erotic Romance,8
137972,Young Adult,254
137972,Paranormal-Vampires,224
137972,Horror,123
137972,Fantasy-Paranormal,111
137972,Fantasy,110
15814479,Young Adult,66
15814479,Contemporary,31
15814479,Realistic Fiction,26
15814479,Romance,13
111831,Fiction,61
111831,Historical-Historical Fiction,42
111831,War,12
111831,Classics,9
111831,Historical,7
111831,Romance,6
836610,Sequential Art-Manga,2563
836610,Fantasy,167
836610,Romance,157
836610,Sequential Art-Graphic Novels,137
836610,Young Adult,73
1783281,Young Adult,146
1783281,Mystery,41
597040,Fantasy,898
597040,Fiction,168
597040,Humor,102
597040,Young Adult,70
597040,Childrens,42
597040,Humor-Comedy,32
597040,Adventure,29
597040,Audiobook,27
597040,Childrens-Middle Grade,20
597040,Science Fiction Fantasy,20
5137,Cultural-Africa,213
5137,Autobiography-Memoir,112
5137,Nonfiction,102
5137,Biography,82
5137,Eastern Africa-Kenya,35
901111,Religion,129
901111,Religion-Judaism,72
901111,Literature-Jewish,37
901111,Reference,32
901111,Nonfiction,21
901111,Philosophy,21
45169,Mystery,381
45169,Fiction,270
45169,Thriller,210
45169,Mystery-Crime,128
45169,Suspense,91
45169,Thriller-Mystery Thriller,69
45169,Audiobook,48
45169,Mystery-Murder Mystery,30
45169,Adult,28
45169,Mystery-Detective,27
143691,Thriller,265
143691,Mystery,130
143691,Mystery-Crime,115
143691,Fiction,66
143691,Suspense,56
18669536,New Adult,53
18669536,Romance,29
18669536,Academic-College,28
18669536,Novella,20
18669536,Romance-Contemporary Romance,16
41958,Fiction,365
41958,Romance,95
41958,Womens Fiction-Chick Lit,82
41958,Cultural-Greece,54
862108,Historical-Historical Fiction,96
862108,Fiction,51
862108,Cultural-France,27
862108,Historical,22
862108,European History-French Revolution,22
1033346,Fiction,110
1033346,Childrens,106
1033346,Adventure,101
1033346,Novels,50
2102300,European Literature-Romanian Literature,5
2102300,Poetry,3
16315,Mystery,1778
16315,Fiction,523
16315,Mystery-Crime,381
16315,Classics,284
16315,Thriller-Mystery Thriller,158
16315,Mystery-Detective,107
16315,European Literature-British Literature,86
16315,Thriller,80
16315,Audiobook,77
16315,Mystery-Murder Mystery,62
9526,Sequential Art-Graphic Novels,1253
9526,Sequential Art-Comics,514
9526,Nonfiction,251
9526,Autobiography-Memoir,243
9526,Cultural-Iran,143
9526,Feminism,126
13325079,Fiction,901
13325079,War,242
13325079,Literary Fiction,93
13325079,Contemporary,80
13325079,War-Military Fiction,62
13325079,Novels,59
13325079,Literature,58
13325079,Audiobook,49
13325079,Sports-Sports,40
13325079,Adult Fiction,39
5055,Fiction,273
5055,Historical-Historical Fiction,258
5055,Thriller,153
5055,Mystery,65
5055,Historical,51
1946,Classics,145
1946,Fiction,48
6340016,Autobiography-Memoir,741
6340016,Nonfiction,305
6340016,Biography,79
6340016,Biography Memoir,64
32430,Horror,723
32430,Fiction,266
32430,Thriller,147
1988040,Classics,87
1988040,Fiction,38
1988040,Cultural-France,35
1988040,European Literature-French Literature,31
1988040,Novels,27
107792,Romance-Historical Romance,570
107792,Romance,505
107792,Historical,276
107792,Historical-Medieval,106
107792,Historical-Historical Fiction,57
107792,Historical Romance-Medieval Romance,37
107792,Fiction,35
107792,Adult,21
107792,European Literature-British Literature,17
107792,Audiobook,11
60483,Short Stories,161
60483,Fiction,132
60483,Classics,59
60483,Writing-Essays,26
126507,Mystery,653
126507,Fiction,362
126507,Mystery-Crime,338
126507,Thriller,177
10816297,Fiction,406
10816297,Thriller,236
10816297,Spy Thriller-Espionage,96
15817326,Fantasy-Paranormal,602
15817326,Romance,346
15817326,Romance-Paranormal Romance,312
15817326,Fantasy,235
15817326,Paranormal-Vampires,185
26031279,Fantasy,306
26031279,Fantasy-Mythology,192
26031279,Young Adult,129
26031279,Childrens-Middle Grade,87
23492741,Historical-Historical Fiction,1033
23492741,Fiction,486
23492741,Historical,128
23492741,Romance,110
23492741,Art,90
23492741,Audiobook,73
23492741,Adult Fiction,53
23492741,Adult,50
23492741,Cultural-France,46
23492741,Literature-Jewish,45
4447991,Asian Literature-Turkish Literature,36
4447991,Fiction,19
4447991,Cultural-Turkish,14
4447991,Fantasy,12
4447991,Roman,10
24963,Fantasy,1877
24963,Young Adult,521
24963,Fiction,349
24963,Childrens,223
1724365,Poetry,236
1724365,Horror,184
1724365,Fiction,163
1724365,Fantasy,160
1724365,Shapeshifters-Werewolves,110
1724365,Fantasy-Urban Fantasy,64
1724365,Fantasy-Paranormal,50
7346,Fantasy,1002
7346,Fiction,196
10822,Childrens,20
10822,Fiction,19
10822,Young Adult,7
10822,Animals,5
10822,Fantasy,4
10822,Literature,3
10822,Classics,3
10822,Childrens-Chapter Books,3
10822,Family,3
10822,Childrens-Juvenile,3
6359133,Romance,43
6359133,Historical-Historical Fiction,28
6359133,Fiction,19
6359133,Romance-Historical Romance,17
6359133,Historical,13
6359133,Historical-Regency,7
6359133,Historical Romance-Regency Romance,5
6359133,Adult,4
6359133,European Literature-British Literature,3
6359133,Classics,3
2841694,Realistic Fiction,56
2841694,Childrens-Middle Grade,53
2841694,Young Adult,43
2841694,Fiction,40
2841694,Contemporary,34
175828,Mystery,644
175828,Fiction,203
175828,Thriller,94
175828,Thriller-Mystery Thriller,87
175828,Mystery-Crime,71
44236,History,215
44236,Military History-Civil War,110
44236,Nonfiction,58
44236,North American Hi...-American History,25
44236,American History-American Civil War,19
44236,War,18
44236,Audiobook,17
44236,Literature-American,17
44236,War-Military Fiction,14
44236,Military-Military History,13
2073686,Fantasy,424
2073686,Mystery,115
2073686,Fantasy-Fairy Tales,113
2073686,Childrens-Middle Grade,77
2073686,Childrens,77
2073686,Fiction,75
2073686,Young Adult,65
2073686,Adventure,50
2073686,Fantasy-Magic,48
2073686,Childrens-Juvenile,28
670686,Science Fiction,36
670686,Fantasy,15
670686,Fiction,12
670686,Adventure,12
670686,Mystery,7
670686,Childrens,6
670686,Thriller,5
670686,Classics,4
670686,Short Stories,4
670686,Young Adult,3
762053,Romance,1270
762053,Fantasy,312
762053,Fantasy-Paranormal,244
762053,Fiction,175
762053,Romance-Paranormal Romance,158
10000,Fiction,158
10000,Cultural-Japan,120
10000,Asian Literature-Japanese Literature,111
10000,Science Fiction,28
155206,History,521
155206,Nonfiction,339
155206,Cultural-Russia,161
155206,Biography,161
155206,History-Russian History,76
155206,Historical,53
155206,Russian History-Romanovs,52
22756190,New Adult,273
22756190,Romance,227
22756190,Academic-College,148
22756190,Sports-Sports,109
22756190,Contemporary,88
613218,Historical-Historical Fiction,329
613218,Young Adult,120
613218,Fiction,84
613218,Historical,65
613218,Cultural-Asia,40
649361,Nonfiction,353
649361,History,279
649361,Autobiography-Memoir,205
649361,Biography,98
649361,Academic-School,83
649361,War-World War II,72
649361,Historical,71
649361,Classics,53
649361,War,47
649361,Biography-Autobiography,47
74043,Fantasy-Urban Fantasy,457
74043,Fantasy-Paranormal,352
74043,Paranormal-Vampires,304
74043,Romance-Paranormal Romance,253
74043,Romance,188
74043,Fantasy,179
74043,Shapeshifters-Werewolves,131
74043,Paranormal-Shapeshifters,106
74043,Adult,55
74043,Fiction,53
2305862,Fantasy,455
2305862,Fantasy-Dragons,101
2305862,Science Fiction-Steampunk,93
2305862,Fiction,65
2305862,LGBT,63
2305862,Romance-M M Romance,40
12764,Fiction,216
12764,Cultural-Latin American,64
12764,European Literature-Spanish Literature,53
16182,Historical-Historical Fiction,557
16182,Fiction,142
16182,Historical,111
640029,Historical-Historical Fiction,484
640029,Young Adult,375
640029,Fantasy,298
640029,Fantasy-Mythology,266
640029,Historical,162
8350864,Horror,617
8350864,Fiction,183
8350864,Historical-Historical Fiction,146
8350864,Mystery,71
8350864,Historical,70
8350864,Paranormal-Ghosts,66
8350864,Fantasy-Paranormal,64
21863558,Historical-Historical Fiction,75
21863558,Fiction,29
21863558,World War II-Holocaust,22
21863558,Historical,20
21400356,Dark,542
21400356,Adult Fiction-Erotica,245
21400356,Romance,245
21400356,Erotica-BDSM,161
11746102,Fantasy-Urban Fantasy,802
11746102,Paranormal-Vampires,669
11746102,Fantasy-Paranormal,522
11746102,Fantasy,342
11746102,Romance,237
11746102,Romance-Paranormal Romance,218
15790833,Young Adult,425
15790833,Mystery,357
15790833,Thriller,198
15790833,Horror,190
15790833,Mystery-Crime,129
15790833,Contemporary,79
15790833,Suspense,70
15790833,Fiction,65
15790833,Thriller-Mystery Thriller,66
15790833,Realistic Fiction,45
2535732,Novels,43
2535732,Adventure,28
2535732,Young Adult,27
2535732,Childrens,24
2535732,Childrens-Middle Grade,15
2535732,Cultural-France,8
961831,Historical-Historical Fiction,471
961831,Romance,347
961831,Fiction,299
961831,Mystery,229
961831,Fantasy-Paranormal,165
961831,Fantasy,129
961831,Cultural-Scotland,118
4806,History,2051
4806,Nonfiction,1623
4806,Science,1473
4806,Biography,435
4806,Historical,109
4806,Science-Geography,81
4806,Science-History Of Science,80
4806,Science-Technology,65
4806,Travel,42
4806,Science-Popular Science,39
7058405,Mystery,1043
7058405,Mystery-Crime,657
7058405,Fiction,474
7058405,Thriller,395
7058405,European Literature-Scandinavian Literature,162
7058405,Thriller-Mystery Thriller,161
7058405,Cultural-Sweden,144
7058405,Suspense,89
7058405,Audiobook,80
7058405,Scandinavian Lite...-Nordic Noir,76
34524,Fantasy,556
34524,Humor,125
34524,Fiction,111
34524,Childrens,106
34524,Childrens-Picture Books,60
24156,Childrens,61
24156,Fiction,52
24156,Realistic Fiction,32
24156,Childrens-Chapter Books,30
24156,Humor,25
24156,Childrens-Middle Grade,19
24156,Childrens-Juvenile,7
24156,Childrens-2nd Grade,5
24156,Academic-School,4
24156,Young Adult-Teen,3
458313,Mystery,55
458313,Romance,47
458313,Romance-Romantic Suspense,37
458313,Fiction,32
458313,Suspense,30
458313,Fantasy-Paranormal,19
216196,Young Adult,155
216196,Health-Mental Health,48
6280379,Fiction,667
6280379,Historical-Historical Fiction,550
6280379,Historical,121
6280379,Literary Fiction,86
7857713,Fantasy,731
7857713,Fantasy-Magic,76
7857713,Romance,70
7857713,Fantasy-Paranormal,69
10174795,Young Adult,517
10174795,Science Fiction,388
10174795,Science Fiction-Dystopia,305
10174795,Romance,155
1878,Philosophy,369
1878,Nonfiction,125
1878,History,100
1878,Sexuality,66
1878,Philosophy-Theory,64
1878,Sociology,37
609870,Nonfiction,241
609870,Romance,163
609870,Christian,91
609870,Biography,88
609870,Autobiography-Memoir,59
143728,Fantasy,624
143728,Fantasy-Dragons,190
143728,Childrens,149
143728,Fiction,147
143728,Childrens-Middle Grade,112
50695,Fiction,533
50695,Literature,64
50695,Novels,58
50695,Literature-American,56
17570751,Romance,223
17570751,Romance-Contemporary Romance,102
17570751,Contemporary,74
73051,Science Fiction,227
73051,Fiction,103
73051,Humor,90
73051,Humor-Comedy,71
12882349,Christian Fiction,196
12882349,Romance,137
12882349,Mystery,125
12882349,Christian,106
12882349,Suspense,85
12882349,Fiction,70
47061,Classics,165
47061,Short Stories,102
47061,Fiction,92
47061,Horror,28
16115,Fiction,57
16115,Historical-Historical Fiction,21
16115,Classics,19
16115,European Literature-British Literature,14
129223,LGBT,406
129223,Fiction,398
129223,Classics,353
129223,GLBT-Queer,203
129223,GLBT-Lesbian,98
233904,Fiction,157
233904,Literary Fiction,15
233904,Contemporary,14
233904,Novels,11
233904,Literature,6
233904,Adult,5
233904,Literature-20th Century,5
233904,Family,4
233904,The United States Of America,3
233904,Realistic Fiction,3
3157877,Young Adult,399
3157877,Horror-Zombies,302
3157877,Fantasy-Paranormal,167
3157877,Fantasy,164
3157877,Romance,136
22193,Young Adult,413
22193,Womens Fiction-Chick Lit,127
22193,Fiction,89
22193,Contemporary,78
22193,Romance,68
22193,Young Adult-Teen,47
22193,Young Adult-High School,19
22193,Drama,13
22193,Childrens,11
22193,Young Adult-Young Adult Contemporary,10
32957,Fiction,337
32957,Historical-Historical Fiction,50
32957,Novels,33
32957,Adult Fiction,30
32957,Cultural-Latin American,26
32957,Literature,22
32957,Literary Fiction,22
32957,Contemporary,22
32957,Book Club,16
32957,Young Adult-Coming Of Age,15
627055,Art,200
627055,Nonfiction,111
627055,Sequential Art-Graphic Novels,102
627055,Autobiography-Memoir,67
627055,Philosophy,44
41951,Fiction,457
41951,Womens Fiction-Chick Lit,123
41951,Romance,95
41951,Cultural-Ireland,88
563457,Fiction,158
563457,Young Adult,94
563457,Horror,80
563457,Romance,69
563457,Mystery,23
563457,Gothic,19
563457,Drama,17
563457,Womens Fiction-Chick Lit,16
563457,Adult Fiction,15
563457,Contemporary,13
628283,Romance-M M Romance,395
628283,Westerns,156
628283,Romance,100
628283,Contemporary,73
628283,Adult Fiction-Erotica,64
73954,Classics,196
73954,Fiction,132
73954,Literature,40
73954,Literature-19th Century,38
73954,Historical-Victorian,37
73954,European Literature-British Literature,29
2062048,Historical-Historical Fiction,249
2062048,Fiction,68
2062048,War-World War II,57
2062048,Historical,56
2062048,Romance,44
238126,Mystery,1284
238126,Romance,705
238126,Mystery-Crime,355
238126,Romance-Romantic Suspense,316
238126,Fiction,266
238126,Futuristic,223
238126,Suspense,201
238126,Science Fiction,200
238126,Thriller,149
238126,Thriller-Mystery Thriller,127
12389310,Romance,317
12389310,New Adult,232
12389310,Contemporary,132
12389310,Dark,121
12389310,Young Adult,111
252999,Romance-Paranormal Romance,397
252999,Fantasy-Paranormal,364
252999,Romance,346
252999,Paranormal-Vampires,235
252999,Fantasy,91
51933,Philosophy,1067
51933,History,412
51933,Nonfiction,372
51933,Psychology,252
51933,Sociology,138
51933,Philosophy-Theory,128
13365532,Fantasy,102
13365532,Young Adult,100
13365532,Fantasy-Paranormal,71
16114,Fiction,54
16114,Classics,23
16114,Historical-Historical Fiction,21
16114,European Literature-British Literature,12
146109,Sequential Art-Comics,613
146109,Sequential Art-Graphic Novels,225
146109,Sequential Art-Bande Dessinée,117
146109,Adventure,117
146109,Fiction,93
1034185,Fiction,105
1034185,Cultural-Russia,104
1034185,Classics,62
1034185,Literature-Russian Literature,41
1034185,Humor,40
20345202,Fantasy,1021
20345202,Young Adult,623
20345202,Fantasy-Magic,181
20345202,Fantasy-Urban Fantasy,172
20345202,Fantasy-Paranormal,159
110396,Romance-Historical Romance,1782
110396,Romance,1680
110396,Historical,689
110396,Historical-Historical Fiction,264
110396,Historical-Regency,236
32940867,Fiction,635
32940867,Thriller,608
32940867,Mystery,404
32940867,Romance,292
32940867,Audiobook,222
534289,Philosophy,420
534289,Religion,164
534289,Nonfiction,154
534289,Spirituality,152
534289,Classics,115
16111,Fiction,71
16111,Classics,25
16111,Historical-Historical Fiction,23
16111,European Literature-British Literature,12
2464531,Mystery,234
2464531,Fiction,75
2464531,Cultural-Italy,63
2464531,Mystery-Crime,58
747746,Classics,1820
747746,Fiction,950
747746,Short Stories,777
747746,Fantasy,480
747746,Audiobook,152
19528,Fiction,227
19528,Classics,122
19528,Philosophy,89
19528,Cultural-France,83
19528,Feminism,66
19528,European Literature-French Literature,40
19528,Literature,31
19528,Novels,27
19528,Literature-20th Century,24
19528,Womens,21
129117,Mystery,717
129117,Fiction,506
129117,Humor,228
129117,Womens Fiction-Chick Lit,120
2182,Fiction,177
2182,Short Stories,163
2182,Classics,154
2182,Cultural-France,129
2182,European Literature-French Literature,72
2182,Literature-19th Century,48
2182,Literature,47
2182,Novels,9
2182,Literary Fiction,8
2182,Academic-School,8
68333,Science Fiction,523
68333,Fiction,179
68333,Speculative Fiction,51
54589,Sequential Art-Comics,111
54589,Humor,29
54589,Sequential Art-Comic Strips,21
54589,Sequential Art-Graphic Novels,14
236814,Fiction,130
236814,Mystery,121
236814,Historical-Historical Fiction,103
236814,Mystery-Crime,74
236814,Cultural-Germany,41
236814,Mystery-Noir,40
842746,Christian,86
842746,Reference,64
842746,Religion,65
842746,Nonfiction,59
842746,Religion-Christianity,40
19476,Young Adult,283
19476,Fiction,109
19476,Science Fiction,78
7780,Art,189
7780,Nonfiction,40
7780,Childrens,13
18249280,Fantasy,196
18249280,Fiction,47
18249280,Fantasy-Magic,35
18249280,Fantasy-Epic Fantasy,32
18249280,Fantasy-High Fantasy,32
109830,Fiction,170
109830,Cultural-France,117
109830,Classics,63
109830,European Literature-French Literature,55
109830,Literature,55
9888794,Thriller,103
9888794,Fiction,71
9888794,Mystery,57
9888794,Adventure,30
9888794,Mystery-Crime,26
9888794,Action,23
9888794,Suspense,19
9888794,Historical-Historical Fiction,14
9888794,Thriller-Mystery Thriller,11
9888794,Historical,8
355656,Economics,151
355656,Philosophy,100
355656,Politics,84
355656,Nonfiction,52
355656,History,29
22192,Young Adult,552
22192,Womens Fiction-Chick Lit,187
22192,Fiction,133
22192,Contemporary,119
6321718,Young Adult,191
6321718,Fantasy,162
6321718,Historical-Historical Fiction,100
6321718,Fantasy-Paranormal,84
6321718,Romance,66
667416,Nonfiction,104
667416,Self Help,49
233044,Romance,370
233044,Fiction,314
233044,Womens Fiction-Chick Lit,161
233044,Crafts-Knitting,108
233044,Contemporary,79
355789,Fiction,141
355789,Classics,117
355789,Cultural-Italy,112
355789,European Literature-Italian Literature,105
42960,Historical-Historical Fiction,276
42960,Fiction,176
9027853,Paranormal-Vampires,73
9027853,Young Adult,50
9027853,Fantasy,29
9027853,Fantasy-Paranormal,25
9027853,Fantasy-Mythology,18
9027853,Fantasy-Magic,12
9027853,Fantasy-Urban Fantasy,8
9027853,Romance-Paranormal Romance,5
9027853,Fiction,5
9027853,Romance,4
10551253,Young Adult,110
10551253,Fantasy-Paranormal,84
10551253,Fantasy,81
10551253,Romance,59
4789801,Fantasy,302
4789801,Christian Fiction,287
4789801,Fiction,224
4789801,Christian,181
4789801,Adventure,31
4789801,Science Fiction,31
4789801,Thriller,26
4789801,Adult,20
4789801,Mystery,19
4789801,Suspense,13
289813,Historical-Historical Fiction,161
289813,Christian Fiction,105
289813,Christian,51
289813,Historical,32
289813,Fiction,15
289813,War-World War II,15
289813,War,10
289813,Adult Fiction,9
289813,World War II-Holocaust,7
289813,Romance,6
104344,Science Fiction,443
104344,Fantasy,268
104344,Fiction,265
104344,Science Fiction-Dystopia,179
104344,Feminism,144
34272565,Science,639
34272565,Nonfiction,487
34272565,Science-Technology,229
34272565,Artificial Intelligence,196
34272565,Philosophy,179
34272565,Business,48
34272565,Futurism,35
34272565,Science-Physics,33
34272565,Audiobook,32
34272565,Science-Popular Science,24
24384,Childrens,571
24384,Fiction,424
24384,Classics,326
24384,Fantasy,206
24384,Animals,165
24384,Young Adult,145
24384,Childrens-Middle Grade,129
24384,Childrens-Juvenile,78
24384,Childrens-Chapter Books,68
24384,Academic-School,61
38225791,Mystery,1258
38225791,Young Adult,1210
38225791,Thriller,456
38225791,Contemporary,424
38225791,Fiction,276
38225791,Thriller-Mystery Thriller,255
38225791,Audiobook,192
38225791,Mystery-Crime,138
38225791,Suspense,101
38225791,Young Adult-Teen,74
4907301,Autobiography-Memoir,121
4907301,Nonfiction,82
4907301,Biography,13
4907301,Biography Memoir,11
456,Fiction,332
456,Literature,51
456,Literature-American,49
456,Novels,47
456,The United States Of America,37
24903919,Mystery,196
24903919,Fiction,109
24903919,Thriller,75
24903919,Mystery-Crime,72
366787,Thriller,189
366787,Fiction,169
366787,Horror,155
366787,Mystery,147
366787,Historical-Historical Fiction,106
366787,Mystery-Crime,74
366787,Cultural-Japan,71
179612,Politics,282
179612,Nonfiction,163
179612,Philosophy,146
179612,History,80
774032,Fiction,145
774032,Sports-Sports,26
774032,Novels,26
774032,Literature,23
25669,History,2016
25669,Nonfiction,884
25669,Cultural-Ireland,290
25669,European Literature-Irish Literature,101
25669,Historical,98
25669,Religion,83
25669,History-European History,66
25669,Historical-Medieval,53
25669,History-World History,37
25669,Religion-Christianity,23
71622,Historical-Historical Fiction,642
71622,Fiction,256
71622,Military History-Civil War,171
71622,Historical,81
7897478,Humor,520
7897478,Nonfiction,480
7897478,Autobiography-Memoir,370
7897478,Biography,282
7897478,Humor-Comedy,205
45241,Science Fiction,116
45241,Fiction,30
45241,Space-Space Opera,24
7312324,Paranormal-Vampires,276
7312324,Young Adult,141
7312324,Fantasy-Paranormal,90
7312324,Fantasy,72
7312324,Romance,71
389828,Christian Fiction,136
389828,Historical-Historical Fiction,75
389828,Fiction,68
389828,Christian,62
389828,Romance,56
10897866,Fantasy,181
10897866,Young Adult,136
10897866,Fiction,72
13020,Plays,1220
13020,Classics,1120
13020,Drama,571
13020,Fiction,244
13020,Historical-Historical Fiction,218
1049509,Womens Fiction-Chick Lit,128
1049509,Fiction,24
1049509,Romance,15
1049509,Contemporary,6
1049509,Adult Fiction,6
1049509,Young Adult,4
1049509,Adult,2
1049509,Love,2
72676,Fiction,119
72676,Classics,28
72676,European Literature-British Literature,26
19580,Horror,624
19580,Fiction,137
19580,Fantasy,134
6251471,Sequential Art-Manga,73
6251471,Fantasy,47
6251471,Sequential Art-Graphic Novels,39
6251471,Animals,36
830784,Fiction,111
830784,Romance,33
830784,Contemporary,14
4364,Cultural-India,282
4364,Nonfiction,264
4364,Travel,94
4364,History,64
4364,Asian Literature-Indian Literature,29
15046,Fiction,221
15046,Fantasy-Mythology,148
15046,Fantasy,84
2002,Fantasy,292
2002,Fiction,81
2002,Young Adult,75
2002,Childrens,32
2002,Fantasy-Magic,18
2002,Science Fiction Fantasy,12
2002,Novels,12
2002,Childrens-Middle Grade,8
2002,Paranormal-Wizards,7
2002,Reference,7
9394010,Romance-Paranormal Romance,682
9394010,Fantasy-Paranormal,546
9394010,Romance,446
9394010,Paranormal-Demons,259
9394010,Fantasy,206
12955738,Fantasy-Paranormal,80
12955738,Fantasy,76
12955738,Fantasy-Magic,62
12955738,Young Adult,62
12955738,Romance,40
12955738,Romance-Paranormal Romance,33
1931915,Young Adult,517
1931915,Fantasy,254
1931915,Fantasy-Paranormal,135
1931915,Romance,108
1931915,Fiction,103
1931915,Contemporary,77
24804,Fiction,107
24804,Historical-Historical Fiction,104
24804,American-Southern,25
10402992,Mystery,635
10402992,Romance,288
10402992,Fiction,151
2141,Culture-Film,302
2141,Nonfiction,155
2141,Art,31
634757,Classics,53
634757,Fiction,27
634757,Historical-Historical Fiction,17
634757,European Literature-British Literature,12
40670312,Thriller,545
40670312,Fiction,356
40670312,Science Fiction,304
40670312,Thriller-Mystery Thriller,184
40670312,Mystery,173
40670312,Romance,173
40670312,Audiobook,112
40670312,Adult,94
40670312,Suspense,71
40670312,Contemporary,51
32758901,Science Fiction,3076
32758901,Fiction,1022
32758901,Novella,648
48760,Nonfiction,227
48760,Psychology,127
48760,Parenting,122
48760,Self Help,63
74046,Fantasy-Urban Fantasy,396
74046,Fantasy-Paranormal,310
74046,Paranormal-Vampires,258
74046,Romance-Paranormal Romance,229
74046,Romance,164
74046,Fantasy,137
74046,Shapeshifters-Werewolves,111
3630983,Fantasy-Paranormal,101
3630983,Mystery,82
3630983,Romance-Romantic Suspense,42
3630983,Romance,40
3630983,Suspense,40
228534,Fiction,519
228534,Historical-Historical Fiction,135
228534,Mystery,93
1022209,Fantasy,605
1022209,Fantasy-Dragons,167
1022209,Romance,71
1022209,Fantasy-High Fantasy,38
1022209,Fiction,30
1022209,Fantasy-Magic,28
1022209,Fantasy-Epic Fantasy,23
1022209,Romance-Fantasy Romance,20
1022209,Adventure,18
1022209,Science Fiction Fantasy,17
140260,Fantasy,251
140260,Young Adult,183
140260,Horror,158
140260,Science Fiction-Steampunk,85
140260,Fiction,52
140260,Fantasy-Paranormal,42
114172,Romance-Historical Romance,834
114172,Romance,597
114172,Historical,319
114172,Historical-Historical Fiction,72
114172,Historical-Regency,71
114172,Adult,40
114172,Fiction,35
114172,Historical Romance-Regency Romance,33
114172,European Literature-British Literature,21
114172,Audiobook,13
2592122,Fantasy,49
2592122,Young Adult,48
2592122,Fiction,25
2592122,Childrens,25
844935,Self Help,45
844935,Business,37
844935,Self Help-Personal Development,20
844935,Nonfiction,10
844935,Currency-Money,10
6503154,Romance-Paranormal Romance,307
6503154,Fantasy-Paranormal,273
6503154,Paranormal-Vampires,265
6503154,Romance,246
8608453,Young Adult,72
8608453,Science Fiction-Time Travel,49
8608453,Fantasy,38
8608453,Romance,31
8608453,Contemporary,13
6687247,Business,534
6687247,Nonfiction,530
6687247,Economics,431
6687247,Economics-Finance,430
6687247,History,238
6687247,Politics,117
6687247,Buisness,30
6687247,Currency-Money,27
6687247,Audiobook,25
6687247,Writing-Journalism,20
10048874,Science Fiction-Steampunk,505
10048874,Young Adult,505
10048874,Horror-Zombies,499
10048874,Romance,255
10048874,Fantasy,220
10048874,Fantasy-Paranormal,219
27397,Nonfiction,430
27397,Law,178
27397,History,71
179174,Sequential Art-Comics,623
179174,Sequential Art-Graphic Novels,246
179174,Sequential Art-Bande Dessinée,122
179174,Adventure,119
179174,Fiction,97
179174,Childrens,73
179174,Graphic Novels Comics,52
179174,Comics-Comic Book,43
179174,Mystery,34
179174,Cultural-France,31
53645,Food and Drink-Food,706
53645,Autobiography-Memoir,698
53645,Nonfiction,608
53645,Biography,141
53645,Food and Drink-Cooking,131
53645,Food and Drink-Food Writing,99
53645,Food and Drink-Foodie,94
53645,Biography Memoir,81
53645,Food and Drink-Cookbooks,77
53645,Biography-Autobiography,52
17204860,New Adult,658
17204860,Romance,649
17204860,Contemporary,227
17204860,Romance-Contemporary Romance,167
17204860,Music,81
17204860,Academic-College,62
17204860,Womens Fiction-Chick Lit,42
17204860,Adult,42
17204860,Fiction,37
17204860,Adult Fiction-Erotica,37
133380,Poetry,887
133380,Classics,52
133380,Fiction,11
133380,Womens,11
19286603,Paranormal-Vampires,87
19286603,Young Adult,78
19286603,Fantasy,75
19286603,Fantasy-Paranormal,70
110393,Romance-Historical Romance,1601
110393,Romance,1539
110393,Historical,614
110393,Historical-Historical Fiction,233
110393,Historical-Regency,212
188454,Classics,186
188454,Fiction,136
188454,Historical-Historical Fiction,53
427920,Nonfiction,250
427920,Short Stories,105
427920,Self Help,95
427920,Inspirational,75
231560,Plays,754
231560,Classics,375
231560,Drama,226
231560,Cultural-Russia,212
231560,Fiction,170
231560,Literature-Russian Literature,150
231560,Plays-Theatre,136
339210,Fiction,57
339210,Womens Fiction-Chick Lit,44
339210,Romance,41
339210,Contemporary,12
105574,Romance-Historical Romance,2134
105574,Romance,1781
105574,Historical,824
105574,Historical-Historical Fiction,315
3416,Historical-Historical Fiction,422
3416,Fiction,117
3416,Historical,77
32703,Horror,411
32703,Fiction,128
32703,Historical-Historical Fiction,56
32703,Fantasy-Paranormal,41
32703,Thriller,28
32703,Mystery,27
32703,Fantasy-Supernatural,26
32703,Fantasy,24
32703,Paranormal-Ghosts,22
32703,Historical,15
10799807,Fiction,36
10799807,Realistic Fiction,36
10799807,Childrens-Middle Grade,34
10799807,Young Adult,30
10799807,Contemporary,27
10799807,Holiday-Christmas,26
9554790,Young Adult,171
9554790,Science Fiction-Dystopia,133
9554790,Horror-Zombies,131
9554790,Horror,60
9554790,Apocalyptic-Post Apocalyptic,59
9554790,Romance,56
572692,Classics,89
572692,Adventure,64
572692,Fiction,64
572692,Literature-American,21
572692,Mystery,19
146943,Classics,147
146943,Fiction,93
146943,Cultural-France,43
146943,European Literature-French Literature,32
146943,Literature,27
6100797,Adult Fiction-Erotica,370
6100797,Romance,360
6100797,Erotica-Menage,261
6100797,Erotica-BDSM,190
6100797,Contemporary,144
6100797,Romance-Contemporary Romance,129
6100797,Romance-Erotic Romance,115
6100797,Menage-M M F,72
6100797,Adult,61
6100797,Fiction,37
61898,Romance,312
61898,Fantasy,182
61898,Fiction,163
61898,Science Fiction Fantasy,56
6777616,Mystery,2671
6777616,Fiction,813
6777616,Historical-Historical Fiction,488
6777616,Young Adult,241
78972,Fiction,231
78972,Thriller,55
78972,Drama,26
25128811,Romance,519
25128811,Science Fiction,377
25128811,Science Fiction-Aliens,370
25128811,Adult Fiction-Erotica,175
25128811,Fantasy,150
762563,Sports-Sports,573
762563,Sports-Baseball,477
762563,Nonfiction,226
762563,Autobiography-Memoir,80
762563,Biography,65
80672,Childrens,217
80672,Fiction,140
80672,Realistic Fiction,100
47922,Young Adult,504
47922,Womens Fiction-Chick Lit,161
47922,Fiction,107
47922,Contemporary,98
22189,Young Adult,347
22189,Womens Fiction-Chick Lit,107
22189,Fiction,71
22189,Contemporary,70
22189,Romance,46
22189,Young Adult-Teen,34
22189,Young Adult-High School,13
22189,Drama,12
22189,Realistic Fiction,10
22189,Childrens,9
138683,Historical-Historical Fiction,826
138683,Mystery,404
138683,Historical,243
138683,Fiction,242
138683,Mystery-Crime,194
138683,Mystery-Historical Mystery,116
159760,Nonfiction,762
159760,Psychology,419
159760,Feminism,242
159760,Parenting,223
159760,Education,72
159760,Self Help,54
159760,Womens,51
159760,Sociology,48
159760,Gender,47
159760,Health-Mental Health,42
104627,Plays,157
104627,Drama,72
104627,Plays-Theatre,26
104627,Classics,21
104627,European Literature-Irish Literature,19
104627,Fiction,18
104627,Literature,11
104627,Cultural-Ireland,10
104627,Literature-20th Century,7
104627,Philosophy,4
22875451,Romance,1073
22875451,Fiction,801
22875451,Womens Fiction-Chick Lit,568
22875451,Contemporary,363
22875451,Adult,176
22875451,Adult Fiction,138
22875451,Romance-Contemporary Romance,109
22875451,Audiobook,104
22875451,New Adult,84
22875451,European Literature-British Literature,66
61115,Autobiography-Memoir,384
61115,Nonfiction,356
61115,Humor,270
61115,Short Stories,80
2420340,Fantasy,257
2420340,Young Adult,256
2420340,Romance,162
2420340,Historical-Historical Fiction,107
2420340,Historical,63
3216451,Fiction,73
3216451,Mystery,70
3216451,Suspense,37
3216451,Thriller-Mystery Thriller,19
3216451,Thriller,16
3216451,Mystery-Crime,13
3216451,Audiobook,10
3216451,Adult,7
3216451,Action,6
3216451,Novels,5
6090807,Thriller,170
6090807,Mystery,149
6090807,Fiction,83
6090807,Suspense,60
6090807,Mystery-Crime,60
6090807,Thriller-Mystery Thriller,55
17305783,Romance-M M Romance,610
17305783,Romance,177
17305783,Contemporary,158
17305783,Westerns,157
11277218,Mystery,1933
11277218,Fiction,558
11277218,Historical-Historical Fiction,350
13316328,Fantasy,1794
13316328,Young Adult,732
13316328,Fiction,362
13316328,Fantasy-Dragons,252
13316328,Humor,213
13316328,Fantasy-Magic,181
146108,Sequential Art-Comics,538
146108,Sequential Art-Graphic Novels,206
146108,Sequential Art-Bande Dessinée,113
146108,Adventure,105
146108,Fiction,90
13642963,Mystery,1777
13642963,Fiction,509
13642963,Historical-Historical Fiction,325
13642963,Audiobook,166
15799936,Humor,755
15799936,Sequential Art-Graphic Novels,366
15799936,Sequential Art-Comics,353
15799936,Animals-Cats,181
15799936,Nonfiction,178
7101,Fiction,312
7101,Classics,176
7101,Historical-Historical Fiction,111
7101,Literature,65
7101,Novels,52
7101,Literature-American,43
561402,Young Adult,277
561402,Womens Fiction-Chick Lit,100
561402,Fiction,60
292275,Plays,1148
292275,Classics,539
292275,Drama,378
292275,Fiction,202
292275,Plays-Theatre,171
228128,Fiction,128
228128,Contemporary,16
228128,Adult Fiction,11
228128,Drama,10
228128,Religion,10
228128,Young Adult,8
228128,Mystery,7
228128,Novels,7
228128,Book Club,7
228128,Lds-Mormonism,6
343738,LGBT,116
343738,Fiction,116
343738,LGBT-Gay,68
343738,Romance-M M Romance,57
343738,Romance,39
92846,Fantasy,1231
92846,Fiction,94
92846,Fantasy-Epic Fantasy,58
13516487,Romance,111
13516487,New Adult,66
13516487,Romance-Contemporary Romance,36
13516487,Contemporary,32
13516487,Academic-College,17
13516487,Womens Fiction-Chick Lit,11
13516487,Adult Fiction-Erotica,11
13516487,Adult,10
13516487,Fiction,9
13516487,Love,6
10283764,Romance-Paranormal Romance,239
10283764,Fantasy-Paranormal,206
10283764,Romance,129
10283764,Paranormal-Vampires,118
10283764,Paranormal-Demons,98
10283764,Fantasy,63
170548,Self Help,830
170548,Nonfiction,671
170548,Psychology,178
170548,Self Help-Personal Development,110
170548,Inspirational,83
170548,Philosophy,76
170548,Business,48
170548,Spirituality,38
170548,Reference,31
170548,Audiobook,31
74862,Fiction,65
74862,Childrens,52
74862,Short Stories,42
74862,Cultural-Iran,32
35519101,Science Fiction,1332
35519101,Fiction,398
35519101,Novella,361
35519101,Audiobook,95
35519101,Adult,92
35519101,Science Fiction Fantasy,76
35519101,Space,75
35519101,Space-Space Opera,73
35519101,Science Fiction-Robots,65
35519101,Artificial Intelligence,54
7103,Fiction,123
7103,Classics,55
7103,Historical-Historical Fiction,34
7103,Literature,31
7103,Novels,20
7103,Literature-American,19
22191,Young Adult,384
22191,Womens Fiction-Chick Lit,118
22191,Contemporary,79
22191,Fiction,75
14707,Classics,241
14707,Plays,115
14707,Fiction,111
14707,Poetry,107
14707,European Literature-German Literature,76
14707,Drama,74
14707,Literature,56
162314,Nonfiction,220
162314,Psychology,170
162314,Self Help,76
162314,Relationships,51
162314,Science,26
162314,Humor,21
162314,Sociology,12
162314,Reference,11
162314,Self Help-Personal Development,10
162314,Gender,9
43684,Fantasy,117
43684,Romance,22
43684,Young Adult,9
43684,Fiction,9
43684,Adventure,7
23912,Poetry,884
23912,Classics,176
23912,Literature,33
23912,Fiction,25
9553,Fantasy-Paranormal,489
9553,Romance-Paranormal Romance,441
9553,Romance,410
9553,Fantasy,116
104790,Classics,734
104790,Plays,717
104790,Drama,297
104790,Fiction,191
104790,Plays-Theatre,84
104790,Literature,77
104790,Poetry,58
104790,Romance,37
104790,European Literature-British Literature,35
104790,Humor-Comedy,33
438923,Mystery,227
438923,Fiction,109
438923,Thriller,59
438923,Mystery-Crime,38
2606779,History,319
2606779,Nonfiction,140
2606779,Politics,52
2606779,North American Hi...-American History,35
2606779,War,27
672965,Classics,26
672965,Fiction,23
672965,European Literature-German Literature,15
672965,War,13
672965,Historical-Historical Fiction,11
672965,Novels,7
672965,Cultural-Germany,7
672965,Literature-20th Century,5
672965,Romance,4
672965,Literature,3
590324,Fantasy,304
590324,Young Adult,71
590324,European Literature-Danish,32
590324,Fiction,28
10978,Short Stories,260
10978,Fiction,199
10978,Classics,120
10978,Literature,51
936611,Mystery-Crime,59
936611,Fiction,31
936611,Thriller,24
936611,Mystery,11
936611,Drama,4
936611,Contemporary,4
936611,Modern,3
936611,Audiobook,2
936611,European Literature-British Literature,2
936611,Romance-Contemporary Romance,2
256280,Fiction,260
256280,Historical-Historical Fiction,206
256280,Cultural-India,169
518982,Nonfiction,49
518982,LGBT,38
518982,Biography,29
26480,Historical-Historical Fiction,268
26480,Poetry,133
26480,Young Adult,114
26480,Fiction,52
26480,Historical,44
26480,Childrens-Middle Grade,23
6514074,History,1419
6514074,Nonfiction,1250
6514074,Art,299
6514074,War-World War II,273
6514074,Historical,185
6514074,War,177
6514074,Audiobook,92
6514074,War-Military Fiction,92
6514074,Biography,91
6514074,Art-Art History,84
54028,Plays,336
54028,Drama,198
54028,Plays-Theatre,71
54028,Fiction,50
54028,Classics,47
36253,Historical-Historical Fiction,372
36253,Fiction,96
36253,Historical,55
36253,Literature-17th Century,19
36253,Romance,16
2330877,Fantasy,181
2330877,Young Adult,174
2330877,Horror,112
2330877,Mystery,79
2330877,Fiction,71
19596,Nonfiction,522
19596,Art,500
19596,History,341
19596,Science,90
19596,Travel,63
19596,Art-Art History,51
6586456,Fantasy,976
6586456,Romance,151
6586456,Fiction,107
6586456,Fantasy-Epic Fantasy,52
35465,Media Tie In-Star Wars,674
35465,Science Fiction,94
35465,Fiction,33
10571,Fantasy,298
10571,Fiction,120
10571,Classics,106
10571,Historical-Historical Fiction,36
10571,Mythology-Arthurian,31
8241088,Young Adult,4
8241088,Fantasy,4
96428,Sequential Art-Comics,632
96428,Sequential Art-Graphic Novels,198
96428,Sequential Art-Bande Dessinée,113
96428,Adventure,110
96428,Fiction,99
96428,Childrens,53
3321397,Young Adult,2
560929,Autobiography-Memoir,21
560929,Travel,20
560929,Nonfiction,13
560929,History,5
560929,Womens,3
560929,Biography,3
560929,Adult,3
560929,Biography Memoir,2
560929,Feminism,2
560929,Biography-Autobiography,2
354284,Fiction,52
354284,Cultural-African American,16
354284,LGBT,13
354284,Cultural-France,6
354284,Novels,6
344199,Historical-Historical Fiction,22
344199,Young Adult,18
344199,Fiction,8
344199,Historical,7
344199,European Literature-British Literature,2
344199,Literature-20th Century,2
59821,Romance,1154
59821,Fiction,178
59821,Fantasy-Paranormal,171
59821,Romance-Contemporary Romance,156
128109,Fiction,103
128109,Historical-Historical Fiction,52
761849,Historical-Historical Fiction,65
761849,Young Adult,60
761849,Romance,34
761849,Retellings,21
761849,Historical,15
761849,Fiction,15
4333469,Young Adult,103
4333469,Mystery,66
4333469,Fiction,28
4333469,Romance,26
4333469,Young Adult-Teen,19
1199174,Historical-Historical Fiction,115
1199174,Cultural-Japan,52
1199174,Historical,38
1199174,Fiction,37
1199174,Romance,24
42929,Historical-Historical Fiction,429
42929,Fiction,342
42929,Cultural-Japan,88
42929,Historical,69
564325,Science Fiction,73
564325,Fiction,24
564325,Science Fiction Fantasy,6
7284118,Nonfiction,25
7284118,Music,19
7284118,Psychology,8
7284118,Culture-Pop Culture,6
7284118,Science,4
7284118,Cultural,3
7284118,Sociology,2
7284118,Humor,2
9260806,Business,2
1928405,Mystery,112
1928405,Realistic Fiction,50
1928405,Fiction,49
1928405,Childrens-Middle Grade,38
1928405,Young Adult,27
1928405,Childrens,25
1928405,Childrens-Juvenile,22
1928405,Thriller,9
1928405,Audiobook,9
1928405,Family,8
257962,Fiction,51
257962,Romance-M M Romance,45
257962,LGBT,39
257962,Historical-Historical Fiction,37
257962,Historical,34
257962,Romance,30
257962,LGBT-Gay,28
854456,Horror,45
854456,Classics,32
854456,Short Stories,25
854456,Fiction,22
854456,Cultural-France,22
854456,Gothic,17
854456,Fantasy,17
6569211,Romance-Paranormal Romance,198
6569211,Fantasy-Paranormal,163
6569211,Paranormal-Vampires,120
6569211,Romance,92
5936327,Music,70
5936327,Nonfiction,33
5936327,Biography,18
7380006,Nonfiction,61
7380006,Crime-True Crime,28
7380006,Mystery-Crime,11
7380006,Biography,7
7380006,Cultural-Asia,6
62812,Fiction,263
62812,Cultural-Japan,202
62812,Asian Literature-Japanese Literature,140
62812,Historical-Historical Fiction,51
62812,Classics,39
62812,Literature,39
62812,Cultural-Asia,28
62812,Novels,27
62812,Literature-Asian Literature,13
62812,Literature-20th Century,11
8999892,Fantasy-Paranormal,66
8999892,Young Adult,52
8999892,Paranormal-Ghosts,29
8999892,Fantasy,25
8999892,Fantasy-Urban Fantasy,22
8999892,Romance,22
8999892,Mystery,15
8999892,Romance-Paranormal Romance,12
8999892,Shapeshifters-Werewolves,10
8999892,Young Adult-Teen,9
263919,World War II-Holocaust,124
263919,Nonfiction,70
263919,History,54
263919,Autobiography-Memoir,39
263919,War-World War II,36
3127326,Novels,26
3127326,Fiction,10
7057397,Historical-Historical Fiction,174
7057397,Fiction,44
7057397,Cultural-Spain,23
7057397,Historical,19
7057397,Literature-Jewish,10
7057397,Religion,10
11175530,Mystery,74
11175530,Thriller,45
11175530,Horror,29
11175530,Suspense,21
6460814,Fiction,111
6460814,Historical-Historical Fiction,111
6460814,Fantasy-Mythology,57
6460814,Fantasy,29
6460814,Historical,28
6460814,Retellings,20
62976,Fiction,5
62976,Historical-Historical Fiction,4
12072969,Horror,30
12072969,Fiction,9
5805956,Christian Fiction,32
5805956,Fiction,24
5805956,Womens Fiction-Chick Lit,20
5805956,Christian,17
5805956,Romance,11
5805956,Contemporary,10
5805956,Romance-Contemporary Romance,7
9766063,Fantasy,107
9766063,Fiction,26
9766063,Asian Literature-Japanese Literature,18
9766063,Young Adult,17
9766063,Games-Video Games,9
9766063,Novels-Light Novel,7
9766063,Adventure,6
9766063,Cultural-Japan,6
9766063,Novels,5
9766063,Literature-Asian Literature,5
12889647,Young Adult,2
971239,Fantasy,510
971239,Fantasy-Dragons,185
971239,Fiction,122
971239,Childrens,119
971239,Adventure,89
12093000,Historical-Historical Fiction,10
12093000,Historical,3
12093000,Anthropology,2
12093000,Fiction,2
960495,Historical-Historical Fiction,179
960495,Young Adult,79
960495,Fiction,43
960495,Historical,31
960495,Cultural-African American,17
960495,Academic-School,17
6131767,Fiction,63
6131767,Womens Fiction-Chick Lit,30
6131767,Contemporary,8
8602864,Young Adult,24
8602864,Thriller,17
8602864,Romance,12
8602864,Science Fiction,11
17157183,Horror,27
17157183,Short Stories,13
17157183,Fiction,6
17157183,Literature-Banned Books,3
17157183,Anthologies,3
13497142,Fantasy-Paranormal,21
13497142,Paranormal-Vampires,16
13497142,Romance,10
13497142,Fantasy,8
13497142,Young Adult,7
6287286,Short Stories,36
6287286,Poetry,9
6287286,Fiction,8
6287286,Contemporary,8
6287286,Young Adult,7
6287286,Literature-Asian Literature,5
6287286,Cultural-Asia,4
6287286,Realistic Fiction-Slice Of Life,3
6287286,Novels,3
6287286,Adult Fiction,2
13504041,Autobiography-Memoir,3
13504041,Nonfiction,2
13504041,Biography,2
15706108,Romance,30
15706108,Womens Fiction-Chick Lit,15
15706108,Romance-Contemporary Romance,9
15706108,Fiction,8
15706108,Contemporary,7
13248799,Young Adult,32
13248799,Fiction,18
13248799,Contemporary,8
13248799,Realistic Fiction,4
13248799,Drama,3
13248799,Young Adult-Coming Of Age,3
13248799,Young Adult-Teen,3
13248799,Historical-Historical Fiction,2
13248799,Young Adult-Young Adult Contemporary,2
13248799,LGBT,2
1413068,LGBT-Gay,6
1413068,Fiction,5
1413068,LGBT,5
1413068,Romance-M M Romance,4
1413068,Contemporary,2
1413068,Gay-Gay Fiction,2
16029550,Fairy Tales-Fairy Tale Retellings,3
16029550,Fantasy-Paranormal,3
16029550,Young Adult,2
16029550,Fantasy,2
13416711,Fantasy-Paranormal,45
13416711,Fantasy,29
13416711,Paranormal-Vampires,17
13416711,Paranormal-Angels,15
13416711,Romance,13
13416711,Young Adult,13
13416711,Romance-Paranormal Romance,13
17155673,Paranormal-Vampires,9
17155673,Horror,2
17155673,Fantasy-Paranormal,2
15826651,Paranormal-Vampires,12
15826651,Fantasy-Paranormal,7
15826651,Fantasy,4
15826651,New Adult,3
15719561,Fantasy-Magic,2
16520900,Mystery,5
16520900,Thriller,3
16520900,Fiction,3
16520900,Science Fiction-Dystopia,2
16520900,Thriller-Mystery Thriller,2
16520900,Christian,2
17210533,Sports-Sports,3
17210533,Nonfiction,2
786699,Poetry,409
786699,Fiction,34
786699,Classics,29
786699,Literature,25
16149498,Horror-Zombies,14
16149498,Science Fiction,12
16149498,Fantasy-Paranormal,11
16149498,Fiction,7
16149498,Horror,7
16149498,Science Fiction-Dystopia,6
1442235,Science Fiction,221
1442235,Fiction,189
1442235,Fantasy,156
1442235,Cultural-Russia,143
1442235,Humor,54
1442235,Literature-Russian Literature,52
13498352,Spirituality,4
13498352,Nonfiction,2
13144813,Mystery,15
13144813,Fiction,14
13144813,Mystery-Crime,7
13144813,Young Adult-Coming Of Age,5
13144813,Thriller-Mystery Thriller,4
13144813,Young Adult,3
13144813,Audiobook,3
13144813,Suspense,3
13144813,Fantasy-Supernatural,2
13144813,Adult Fiction,2
549237,Novels,24
549237,Fiction,11
549237,Literature,7
17339738,Fantasy,116
17339738,Fiction,13
17339738,Adventure,9
17949078,Self Help,8
17949078,Nonfiction,4
17949078,Self Help-Personal Development,2
3263334,Religion,20
3263334,Philosophy,5
3263334,Spirituality,3
3263334,Cultural-India,3
3263334,Religion-Theology,2
17354744,Cultural-Japan,10
17354744,Nonfiction,5
17354744,Philosophy,4
17354744,Self Help,2
17354744,Combat-Martial Arts,2
17354744,Spirituality,2
17334077,Fantasy,428
17334077,Fantasy-Paranormal,132
17334077,Young Adult,117
17334077,Paranormal-Vampires,112
17334077,Fantasy-Magic,82
17334077,Fantasy-Supernatural,57
17334077,Novella,55
17334077,Short Stories,50
17334077,Shapeshifters-Werewolves,47
17334077,Romance,41
7013431,Spirituality,43
7013431,Nonfiction,24
7013431,Biography,16
7013431,Biography-Autobiography,13
7013431,Autobiography-Memoir,9
7013431,Religion,8
7013431,Religion-Hinduism,8
7013431,Philosophy,6
7013431,Travel,6
7013431,Cultural-India,5
18229453,Romance-Christian Romance,3
18229453,Romance,2
17190226,Romance,359
17190226,Romance-Contemporary Romance,133
17190226,Adult Fiction-Erotica,121
18193486,Mystery,8
18193486,Fiction,4
18193486,Thriller-Mystery Thriller,2
18171014,Romance,37
18171014,Contemporary,20
18171014,Adult Fiction-Erotica,19
18171014,Romance-Contemporary Romance,18
18171014,New Adult,16
18171014,Adult,5
18171014,Romance-Erotic Romance,3
18171014,Fiction,3
18171014,Suspense,2
18171014,Business-Amazon,2
1212610,Fantasy,20
17296121,Poetry,11
18136883,Romance,27
18136883,New Adult,17
18136883,Contemporary,10
18136883,Romance-Contemporary Romance,9
29661618,Science Fiction-Time Travel,847
29661618,Science Fiction,697
29661618,Fantasy,670
29661618,Fiction,469
29661618,Historical-Historical Fiction,355
166562,Nonfiction,465
166562,Biography,176
166562,Autobiography-Memoir,143
166562,Adventure,136
166562,Adventure-Survival,82
166562,Biography-Autobiography,56
166562,Nature-Outdoors,41
166562,Travel,37
166562,Biography Memoir,34
166562,Sports-Sports,28
18620524,Animals,4
18620524,Childrens-Young Readers,4
18620524,Animals-Dogs,4
18620524,Adventure,3
18620524,Family,3
18620524,Childrens,3
18620524,Childrens-Picture Books,2
18620524,Childrens-Juvenile,2
13645896,Fantasy,2
18086498,Economics-Finance,4
636223,Fiction,252
636223,Science Fiction,212
636223,Science Fiction-Dystopia,69
636223,Classics,65
636223,Apocalyptic-Post Apocalyptic,58
18593863,Historical-Historical Fiction,16
18593863,Mystery,12
18593863,Fantasy-Paranormal,10
18593863,Fantasy,8
18593863,Fiction,7
18593863,Historical,6
17586834,Sequential Art-Graphic Novels,175
17586834,Fantasy,94
17586834,Fantasy-Mythology,74
17586834,Young Adult,42
17586834,Childrens-Middle Grade,38
17586834,Sequential Art-Comics,38
17586834,Graphic Novels Comics,18
17586834,Fiction,17
17586834,Fantasy-Urban Fantasy,14
17586834,Adventure,13
18815695,Fiction,198
18815695,Historical-Historical Fiction,143
18815695,American-Southern,41
15739817,Paranormal-Vampires,331
15739817,Young Adult,253
15739817,Fantasy-Paranormal,177
15739817,Fantasy,119
21936661,Thriller,11
21936661,Fiction,8
21936661,Mystery,3
21936661,Business-Amazon,3
21936661,Thriller-Legal Thriller,3
21936661,Thriller-Mystery Thriller,2
21936661,Suspense,2
21936661,Mystery-Crime,2
21878763,Fantasy,17
21878763,Young Adult,7
21878763,Romance,7
21878763,Fantasy-Paranormal,7
21878763,Fiction,2
21457083,Fantasy,10
21457083,Paranormal-Angels,5
21457083,Young Adult,5
21457083,Fantasy-Paranormal,4
18530194,Romance,34
18530194,Womens Fiction-Chick Lit,12
18530194,Romance-Erotic Romance,11
1414,Classics,142
1414,Plays,106
1414,Poetry,83
1414,Drama,82
1414,Fiction,52
22616552,Fantasy,2
22008448,Fantasy,4
22008448,Fantasy-Paranormal,2
23277468,Inspirational,14
23277468,Spirituality,9
23277468,Self Help,8
23277468,Nonfiction,4
22918893,Romance,86
22918893,Music,35
22918893,New Adult,34
27816584,Fiction,2
15771745,Romance-Paranormal Romance,2
15771745,Shapeshifters-Werewolves,2
15771745,Fantasy-Paranormal,2
17466895,Thriller,15
17466895,Suspense,15
17466895,Mystery,9
17466895,Mystery-Crime,9
17466895,Thriller-Mystery Thriller,6
17466895,Business-Amazon,2
17466895,Thriller-Psychological Thriller,2
1322303,Classics,43
1322303,Animals,35
1322303,Fiction,31
1322303,Childrens,10
1322303,Animals-Animal Fiction,7
741481,Sequential Art-Manga,1250
741481,Fantasy,117
741481,Sequential Art-Graphic Novels,64
741481,Romance,60
741481,Sequential Art-Comics,38
22884757,Romance-Erotic Romance,7
22884757,Romance,4
22884757,Adult Fiction-Erotica,4
23516574,Fiction,3
23516574,Thriller,2
1071726,Nonfiction,162
1071726,Environment-Nature,119
1071726,Animals-Birds,41
1071726,Science,38
1071726,Animals,33
22436841,Romance,8
22436841,Fantasy,7
22436841,Shapeshifters-Werewolves,6
22436841,Fiction,3
22436841,Horror,3
22436841,Fantasy-Paranormal,3
22436841,Adult,3
20335752,Novels,16
24545715,Nonfiction,3
25319777,Romance,19
25319777,Womens Fiction-Chick Lit,13
25319777,Contemporary,10
25319777,Humor,10
3831344,Biography,68
3831344,Philosophy,32
25697968,Romance,176
25697968,New Adult,98
25697968,Sports-Sports,93
25697968,Academic-College,63
25697968,Warfare-Fighters,51
25878671,Self Help,5
25878671,Psychology,3
25878671,Science,3
25878671,Nonfiction,2
25855637,Romance,5
25557058,Paranormal-Witches,2
26866624,Fantasy,2
25339089,Fantasy,3
25339089,Romance,3
3986964,Nonfiction,17
3986964,Biography,15
3986964,Autobiography-Memoir,8
27268403,Childrens-Picture Books,4
27268403,Childrens,4
27268403,Childrens-Storytime,3
27268403,Holiday,3
27268403,Holiday-Christmas,3
27268403,Christian,3
2484198,Science Fiction,45
2484198,Fantasy,43
2484198,European Literature-Polish Literature,32
2484198,Fiction,23
17493,Childrens,111
17493,Adventure,87
17493,Mystery,67
17493,Fiction,66
17493,Classics,19
17493,Young Adult,13
17493,Mystery-Crime,7
17493,Childrens-Childrens Classics,7
17493,Childrens-Middle Grade,6
17493,Childrens-Juvenile,6
28430735,Science Fiction,2
232467,Religion-Theology,513
232467,Christian,108
232467,Religion,94
232467,Religion-Christianity,76
232467,Nonfiction,60
232467,Classics,51
29388297,Horror,7
34182067,Horror,4
18405537,Fantasy,657
18405537,Childrens-Middle Grade,453
18405537,Horror,421
18405537,Mystery,224
18405537,Young Adult,194
18405537,Fiction,192
18405537,Historical-Historical Fiction,175
36390016,Fantasy,48
36390016,Young Adult,12
36390016,Fantasy-Magic,9
36390016,Fantasy-Epic Fantasy,9
36390016,Fiction,8
31447045,Nonfiction,9
31447045,Crime-True Crime,4
31447045,Mystery-Crime,3
31447045,Biography,3
31447045,Autobiography-Memoir,2
1032,Business,431
1032,Biography,143
1032,Nonfiction,139
1032,Politics,42
34866611,Spirituality,2
35218197,Dark,2
35514861,Health-Mental Health,2
35514861,Psychology,2
32560066,Fiction,105
32560066,Historical-Historical Fiction,94
32560066,Cultural-Russia,23
32560066,Historical,19
32560066,European Literature-German Literature,14
32560066,Literature,13
32560066,Cultural-Germany,11
32560066,Historical-Georgian,10
32560066,Contemporary,10
32560066,Adult,8
35038210,Contemporary,2
37562415,Romance,3
41815475,Nonfiction,9
41815475,Self Help,3
41815475,Business,2
41815475,Philosophy,2
41829493,Fairy Tales-Beauty and The Beast,5
40974111,Contemporary,2
40974111,Sports-Sports,2
40832734,Fantasy,4
40832734,Retellings,2
43175143,Economics-Finance,2
8225859,History,327
8225859,Nonfiction,225
8225859,Cultural-Africa,158
8225859,Politics,22
8225859,Culture-Society,14
8225859,War,9
8225859,Historical,9
8225859,History-World History,8
8225859,Travel,6
8225859,Literature,6
44076511,Fiction,3
44076511,Contemporary,2
1880496,Classics,452
1880496,Fiction,87
1880496,Young Adult,53
1880496,Historical-Historical Fiction,32
1880496,Historical,24
1880496,Childrens,24
1880496,Romance,21
1880496,Literature-19th Century,19
1880496,Literature-American,18
1880496,The United States Of America,16
48678296,Thriller,4
48678296,Thriller-Spy Thriller,4
48678296,Spy Thriller-Espionage,3
48678296,War-Terrorism,3
115929,Religion,123
115929,Reference,60
115929,Christianity-Catholic,46
115929,Nonfiction,27
2218102,Psychology,474
2218102,Philosophy,320
2218102,Nonfiction,184
2218102,Religion,82
2218102,Science,53
2218102,History,45
10086681,Christian,181
10086681,Nonfiction,53
10086681,Religion-Christianity,47
10086681,Christian-Christian Living,37
10086681,Religion-Faith,37
10086681,Spirituality,33
49240716,Romance,41
49240716,Romance-Erotic Romance,30
49240716,Romance-Contemporary Romance,17
49240716,Dark,16
50391716,Nonfiction,3
27507117,Fantasy,175
27507117,Fiction,79
27507117,Magical Realism,59
27507117,Science Fiction-Dystopia,16
331260,Fiction,181
331260,Historical-Historical Fiction,155
331260,Cultural-African American,62
331260,Historical,31
331260,Race,26
53398496,Romance,3
53398496,Romance-Erotic Romance,2
53398496,Academic-College,2
116567,Fantasy,354
116567,Young Adult,175
116567,Fiction,64
116567,Fantasy-Magic,49
116567,Science Fiction,39
44516,Short Stories,246
44516,Fiction,239
44516,Humor,40
44516,Classics,25
44516,Adult,18
44516,Fantasy,17
44516,European Literature-British Literature,16
44516,Literature,15
44516,Humor-Comedy,11
44516,Contemporary,8
3359011,Fiction,16
3359011,Modern,2
379160,Fiction,163
379160,Mystery-Crime,27
379160,Mystery,23
379160,New York,16
6192376,Fiction,6
6192376,Literature,2
3726872,Historical-Historical Fiction,80
3726872,Fiction,61
3726872,Mystery,25
3726872,Religion,16
3726872,Historical,14
3726872,Thriller,13
3726872,Audiobook,8
3726872,Romance,8
3726872,Novels,4
3726872,Adventure,4
2432061,Fiction,50
2432061,Young Adult,6
2432061,Contemporary,6
2432061,Adult Fiction,6
2432061,Young Adult-Coming Of Age,5
2432061,Literary Fiction,4
2432061,Family,3
2432061,Literature,3
2432061,Book Club,2
2432061,Novels,2
284338,Young Adult,5
284338,Childrens-Middle Grade,5
284338,Childrens,4
284338,Social Issues-Poverty,3
24816,Sequential Art-Comics,620
24816,Humor,401
24816,Fiction,156
24816,Sequential Art-Graphic Novels,146
620790,Classics,264
620790,Fiction,247
620790,Romance,111
620790,Gothic,61
620790,Historical-Historical Fiction,36
620790,Mystery,27
620790,Literature,26
620790,Suspense,23
620790,Historical,22
620790,Literature-19th Century,17
24611735,Nonfiction,209
24611735,Psychology,159
24611735,Business,111
24611735,Self Help,64
24611735,Self Help-Personal Development,50
108314,Pseudoscience-Numerology,26
108314,Spirituality,11
108314,Occult-Divination,7
108314,Spirituality-New Age,6
108314,Reference,6
108314,Nonfiction,6
108314,Occult-Tarot,6
7052308,Short Stories,15
7052308,Fiction,4
7532858,Fantasy,28
7532858,Young Adult,18
7532858,Paranormal-Vampires,17
7532858,Romance,7
7532858,Fantasy-Urban Fantasy,6
765983,Health,64
765983,Nonfiction,38
765983,Food and Drink-Vegan,28
765983,Food and Drink-Food,21
765983,Health-Nutrition,19
765983,Food and Drink-Diets,13
89838,Fiction,26
89838,Cultural-France,22
89838,Classics,12
89838,European Literature-French Literature,8
89838,Literature,7
89838,Literature-20th Century,5
89838,Short Stories,5
89838,Novels,4
89838,Adult Fiction,3
89838,Feminism,2
779511,Religion,29
779511,Nonfiction,13
779511,Spirituality,9
192954,Fiction,122
192954,Travel,55
192954,Classics,33
192954,Humor,22
192954,European Literature-British Literature,20
192954,Historical-Historical Fiction,18
128518,Classics,175
128518,Fiction,101
128518,Short Stories,42
128518,Childrens,38
128518,Fantasy,35
807002,Fiction,9
6235136,Fantasy,4
10128608,Fantasy,9
10128608,Young Adult,3
10128608,Romance,3
10128608,Fantasy-Paranormal,3
690329,Fiction,34
690329,Romance,26
690329,Historical-Historical Fiction,11
11203057,Poetry,2
77844,Fiction,58
77844,Historical-Historical Fiction,14
77844,Cultural-Scotland,6
936610,Mystery-Crime,61
936610,Fiction,33
936610,Thriller,31
936610,Mystery,21
936610,Thriller-Mystery Thriller,8
936610,European Literature-British Literature,5
936610,Audiobook,3
936610,Mystery-Murder Mystery,3
936610,Crime-True Crime,2
936610,Romance,2
199531,Fiction,314
199531,Humor,71
199531,American-Southern,58
199531,Womens Fiction-Chick Lit,42
21485,Historical-Historical Fiction,12
21485,Fiction,8
21485,War-World War II,3
21485,Novels,3
10169662,Thriller,269
10169662,Mystery,267
10169662,Fiction,197
10169662,Suspense,117
10169662,Thriller-Mystery Thriller,82
393601,Culture-Film,339
393601,Nonfiction,220
393601,Biography,54
6972157,Fantasy-Paranormal,394
6972157,Romance-Paranormal Romance,379
6972157,Romance,315
6972157,Paranormal-Shapeshifters,236
6972157,Fantasy,101
369439,Fiction,29
369439,Contemporary,7
369439,Psychology,5
9537041,Fiction,9
9537041,Contemporary,4
13282838,Horror,27
13282838,Young Adult,20
13282838,Fantasy,18
13282838,Science Fiction,14
13282838,Fiction,10
16099180,Fiction,658
16099180,Contemporary,100
16099180,Womens Fiction-Chick Lit,92
16099180,Audiobook,82
209889,History,470
209889,Nonfiction,107
209889,Military-Military History,55
209889,War-World War I,52
209889,War,48
5927595,Young Adult,93
5927595,Contemporary,38
5927595,Romance,34
5927595,Fiction,31
5927595,Realistic Fiction,20
5927595,Sociology-Abuse,8
5927595,Womens Fiction-Chick Lit,7
5927595,Young Adult-Young Adult Contemporary,7
5927595,Young Adult-Teen,7
5927595,Young Adult-Coming Of Age,5
590323,Fantasy,342
590323,Young Adult,83
590323,European Literature-Danish,33
274868,Fantasy,135
274868,Holiday-Christmas,112
274868,Young Adult,34
274868,Childrens-Middle Grade,24
274868,Holiday,22
274868,Adventure,22
127953,Literature-Banned Books,2
26474,Nonfiction,120
26474,Cultural-Africa,112
26474,Autobiography-Memoir,98
26474,Classics,78
26474,Biography,53
26474,Travel,34
26474,History,24
26474,Biography-Autobiography,22
26474,Literature,18
26474,Biography Memoir,15
12878300,Nonfiction,197
12878300,War-Military Fiction,193
12878300,Biography,186
12878300,War,59
12878300,History,59
16189172,Fantasy,14
16189172,Science Fiction-Dystopia,9
16189172,Young Adult,9
16189172,Romance,5
16189172,Fantasy-Magic,4
16189172,Science Fiction,4
16067631,Historical-Historical Fiction,1026
16067631,Young Adult,348
16067631,Fiction,240
16067631,World War II-Holocaust,196
16067631,Historical,193
101862,Historical-Historical Fiction,34
101862,Fiction,24
101862,Adventure,12
101862,Classics,9
13421433,Romance,19
13421433,Dark,12
13421433,Suspense,9
13421433,Adult,6
13421433,Romance-Contemporary Romance,5
12555756,Thriller,2
1481578,Fiction,14
1481578,Thriller,7
1481578,Mystery-Crime,6
1481578,Plays,4
1481578,Suspense,4
1481578,Mystery,4
16164966,Erotica-BDSM,186
16164966,Romance,53
16164966,Adult Fiction-Erotica,27
16164966,Erotica-Menage,26
16164966,Romance-Erotic Romance,17
9768204,Self Help,3
9768204,Spirituality,3
9768204,Nonfiction,2
9768203,Fantasy,10
9768203,Spirituality,7
9768203,Philosophy,5
9768203,Romance,4
9768203,Poetry,4
9768203,Self Help,3
23016364,Romance,396
23016364,Humor,274
23016364,Contemporary,160
23016364,Romance-Contemporary Romance,155
23016364,Womens Fiction-Chick Lit,103
15821931,Science Fiction,61
15821931,Humor,51
15821931,Fiction,51
15821931,Horror,48
15821931,Humor-Comedy,36
28958920,Young Adult,143
28958920,Contemporary,113
28958920,Romance,98
28958920,Fantasy,24
13152194,Nonfiction,1901
13152194,Self Help,446
13152194,Autobiography-Memoir,359
13152194,Writing-Essays,338
13152194,Audiobook,158
13152194,Psychology,103
13152194,Adult,75
13152194,Self Help-Personal Development,73
13152194,Biography,72
13152194,Relationships,72
19078625,Fantasy,11
19078625,Fantasy-Dragons,6
19078625,Young Adult,4
19078625,Fantasy-Paranormal,3
13420145,Romance-Paranormal Romance,16
13420145,Paranormal-Vampires,13
13420145,Fantasy-Paranormal,10
13420145,Paranormal-Demons,7
13420145,Fantasy,7
18713134,Romance,18
18713134,Sports-Sports,16
18713134,Contemporary Romance-Sports Romance,11
18713134,Romance-Contemporary Romance,9
13162223,Fantasy,41
13162223,Adventure,28
13162223,Mystery,23
13162223,Young Adult,21
13162223,Magical Realism,17
13162223,Sports-Sports,15
35041669,Thriller,5
35041669,Dark,3
35041669,Academic-College,2
94351,Fiction,200
94351,Cultural-Latin American,34
94351,Novels,34
2848807,Fiction,143
2848807,Music,52
2848807,Humor,32
2848807,Contemporary,21
2848807,Humor-Comedy,15
9786641,Fiction,48
9786641,Animals,28
9786641,Childrens,19
9786641,Animals-Dogs,13
9786641,Childrens-Middle Grade,12
9786641,Young Adult,9
9786641,Realistic Fiction,8
9786641,Contemporary,8
9786641,Audiobook,4
9786641,Fantasy,3
12617286,Young Adult,108
12617286,LGBT,90
12617286,Science Fiction-Dystopia,89
12617286,Science Fiction,50
12617286,Romance-M M Romance,31
12617286,Romance,28
12617286,LGBT-Gay,17
12617286,Fantasy,16
12617286,Fiction,15
12617286,GLBT-Queer,9
693447,Mystery,107
693447,Young Adult,28
693447,Fiction,24
693447,Childrens-Middle Grade,23
693447,Childrens,12
21899705,Romance,75
21899705,Romance-Contemporary Romance,31
21899705,Contemporary,25
21899705,New Adult,21
21899705,Fiction,9
21899705,Adult,9
21899705,Business-Amazon,9
21899705,Womens Fiction-Chick Lit,6
21899705,Adult Fiction-Erotica,3
21899705,Family,3
56636,Christian,164
56636,Nonfiction,75
56636,Religion-Christianity,49
56636,Christian-Christian Living,42
56636,Christian-Christian Non Fiction,39
56636,Spirituality,38
56636,Religion,36
56636,Religion-Faith,34
56636,Inspirational,30
56636,Self Help,16
18684615,Fantasy-Mythology,66
18684615,Fiction,26
18684615,Cultural-India,13
18684615,Asian Literature-Indian Literature,12
21816542,Romance,13
21816542,Sociology-Abuse,10
24568450,Fantasy,28
24568450,Fantasy-Paranormal,23
24568450,Romance,23
24568450,Paranormal-Witches,22
24568450,Fantasy-Magic,18
24568450,Young Adult,10
11324334,Fiction,168
11324334,Cultural-Scotland,30
11324334,Mystery,29
11324334,Contemporary,26
11324334,Mystery-Crime,22
747061,Religion,249
747061,Christianity-Lds,145
747061,Nonfiction,142
747061,Religion-Church,73
747061,Spirituality,37
747061,History,28
747061,Inspirational,23
747061,Lds-Mormonism,21
747061,Reference,21
747061,Classics,21
13260545,Childrens-Middle Grade,51
13260545,Fantasy,49
13260545,Horror-Zombies,46
13260545,Young Adult,32
13260545,Horror,25
22725294,Dark,102
22725294,Romance,47
22725294,Adult Fiction-Erotica,38
22725294,Erotica-BDSM,31
22725294,Contemporary,26
6046158,Historical-Historical Fiction,123
6046158,Fantasy,78
6046158,Young Adult,76
6046158,Adventure,58
6046158,Historical,48
6046158,Cultural-Japan,34
6046158,Fiction,32
22202,War-Military Fiction,175
22202,Nonfiction,163
22202,War,102
22202,History,92
22202,Biography,50
22202,Military-Military History,39
24677549,New Adult,29
24677549,Romance,25
24677549,Contemporary,13
24677549,Romance-Romantic Suspense,12
24677549,Romance-Contemporary Romance,9
23016659,Young Adult,166
23016659,Science Fiction-Dystopia,150
23016659,Fantasy,70
23016659,Novella,67
24062434,Fantasy,11
24062434,Business-Amazon,3
1335601,Horror,794
1335601,Classics,224
1335601,Short Stories,175
1335601,Fiction,173
1335601,Fantasy,81
1335601,Gothic,80
18456078,LGBT,223
18456078,Romance,203
18456078,GLBT-Lesbian,101
18456078,New Adult,91
18456078,Contemporary,66
18456078,GLBT-Queer,54
18456078,Young Adult,50
18456078,Fiction,45
18456078,Romance-Lesbian Romance,27
18456078,Romance-Contemporary Romance,16
40605223,Horror,977
40605223,Fiction,603
40605223,Thriller,561
40605223,Mystery,334
40605223,Thriller-Mystery Thriller,202
40605223,Adult,130
40605223,Suspense,126
40605223,Audiobook,110
40605223,Contemporary,79
40605223,Thriller-Psychological Thriller,73
31815310,Fantasy,70
31815310,Romance,51
31815310,Polyamorous-Reverse Harem,30
31815310,Fiction,11
31815310,Romance-Fantasy Romance,9
12970162,Fantasy,830
12970162,Fantasy-Magic,72
12970162,Fiction,57
25311873,Harlequin-Harlequin Heartwarming,8
25311873,Romance,4
25311873,Contemporary,4
25311873,Romance-Contemporary Romance,4
25311873,Fiction,2
25311873,Category Romance-Harlequin,2
33260689,Fantasy,4
33260689,Fantasy-Paranormal,2
32830150,Fantasy-Paranormal,90
32830150,Paranormal-Vampires,74
32830150,Romance,53
32830150,Romance-Paranormal Romance,36
32830150,Fantasy,33
32830150,Fantasy-Urban Fantasy,18
32830150,Dark,17
32830150,Paranormal-Demons,15
32830150,Fantasy-Magic,14
32830150,Adult,11
36295291,Science Fiction,16
36295291,LGBT,9
36295291,Fantasy,8
36295291,GLBT-Lesbian,6
15818357,Fantasy,453
15818357,Fantasy-Urban Fantasy,134
15818357,Fiction,105
15818357,Horror,60
15818357,Fantasy-Magic,49
28510777,Nonfiction,167
28510777,History,133
28510777,Autobiography-Memoir,76
28510777,Cultural-Germany,43
28510777,Biography,39
28008677,History,17
28008677,Cultural-Russia,5
28008677,Politics,3
28008677,Literature-Jewish,3
28008677,Nonfiction,2
28008677,Religion,2
38467635,Young Adult,113
38467635,Science Fiction-Dystopia,95
38467635,Science Fiction,53
7511615,Poetry,2
29567621,Historical-Historical Fiction,4
35425827,Fantasy,797
35425827,Young Adult,702
35425827,Science Fiction,400
35425827,Science Fiction-Dystopia,178
35425827,Comics-Superheroes,156
35425827,Romance,153
35425827,Audiobook,130
35425827,Fiction,130
35425827,Young Adult-Young Adult Fantasy,67
35425827,Adventure,54
62794,Fiction,450
62794,Cultural-Japan,385
62794,Asian Literature-Japanese Literature,286
62794,LGBT,192
62794,Classics,148
33310533,Fantasy,336
33310533,LGBT,127
27845690,Fiction,540
27845690,Philosophy,272
27845690,Psychology,148
27845690,Romance,110
27845690,Relationships,82
6390031,Mystery,301
6390031,Short Stories,123
6390031,Fantasy,106
6390031,Fiction,99
6390031,Anthologies,72
6390031,Historical-Historical Fiction,50
49697722,Nonfiction,16
49697722,History,16
49697722,Science,15
49697722,Biography,13
49697722,Art,10
43708884,Fiction,239
43708884,Sequential Art-Graphic Novels,165
43708884,Art,75
13573419,Science Fiction,673
13573419,Fiction,115
13573419,Mystery,91
13573419,Space-Space Opera,72
307962,Religion-Islam,8
307962,Politics,7
307962,War-Terrorism,6
307962,Nonfiction,6
307962,Religion,4
307962,History,3
445126,Fantasy,4
189182,Childrens-Picture Books,497
189182,Childrens,387
189182,Fiction,122
196766,Fiction,148
196766,Humor,25
196766,Travel,16
1967633,Historical-Historical Fiction,536
1967633,Young Adult,250
1967633,World War II-Holocaust,153
1967633,Historical,109
1967633,War-World War II,77
143226,Fiction,80
143226,Fantasy,65
143226,Classics,21
143226,Christian,19
143226,Christian Fiction,10
15781,Fiction,159
15781,Humor,27
15781,Audiobook,14
15781,Contemporary,13
14285,Fiction,385
14285,Short Stories,239
14285,Cultural-Canada,162
147908,Fantasy,422
147908,Science Fiction,387
147908,Fiction,182
147908,Short Stories,172
147908,Comics-Superheroes,94
147908,Anthologies,90
1192521,Young Adult,78
1192521,Lds-Lds Fiction,69
1192521,Christianity-Lds,43
1192521,Romance,38
1192521,Fiction,38
1192521,Religion,19
3741180,Spirituality,8
3741180,Religion,6
50781,Fantasy-Paranormal,124
50781,Romance-Paranormal Romance,120
50781,Romance,91
50781,Fantasy,74
7023148,Fantasy,305
7023148,Childrens-Picture Books,251
7023148,Childrens,168
7023148,Poetry,113
7023148,Fiction,92
165856,Historical-Historical Fiction,354
165856,Young Adult,246
165856,Fiction,102
165856,Childrens-Middle Grade,91
202650,Religion-Baha I,19
202650,Religion,17
202650,Nonfiction,7
202650,Spirituality,4
3073174,Romance-Paranormal Romance,158
3073174,Fantasy-Paranormal,153
3073174,Paranormal-Vampires,148
3073174,Romance,131
3073174,Fantasy,58
149505,Poetry,219
149505,Literature,4
149505,European Literature-British Literature,4
43713,Computer Science-Programming,594
43713,Science-Computer Science,424
43713,Science-Technology,131
43713,Nonfiction,101
43713,Computer Science-Software,81
43713,Computer Science-Technical,74
596986,Fiction,81
596986,Cultural-Italy,59
596986,European Literature-Italian Literature,56
596986,Classics,36
596986,Mystery,29
596986,Mystery-Crime,20
596986,Literature,14
596986,Novels,11
596986,Literature-20th Century,9
596986,Unfinished,8
192955,History,962
192955,Nonfiction,268
192955,War-World War I,56
192955,History-European History,50
192955,War,40
1118874,Thriller,60
1118874,Fiction,43
1118874,Action,12
1118874,Mystery,11
1118874,Thriller-Mystery Thriller,10
5820384,Romance-M M Romance,283
5820384,Contemporary,73
5820384,Romance,61
150002,Novels,48
150002,Fiction,15
11903141,Young Adult,9
11903141,Paranormal-Witches,7
11903141,Fantasy-Paranormal,5
11903141,Paranormal-Demons,4
8161632,Fantasy,280
8161632,Young Adult,255
8161632,Fantasy-Paranormal,123
8161632,Paranormal-Fairies,110
362002,Historical-Historical Fiction,133
362002,Fiction,94
10863979,Science Fiction-Dystopia,90
10863979,Young Adult,50
10863979,Apocalyptic-Post Apocalyptic,48
10863979,Science Fiction,31
10863979,Fiction,26
27297,Philosophy,1445
27297,Classics,469
27297,Nonfiction,378
27297,Religion,219
27297,Cultural-China,207
27297,History,125
484143,Historical-Historical Fiction,99
484143,Young Adult,35
484143,Fiction,31
484143,War-World War II,26
484143,War,23
484143,Historical,20
1205297,Fiction,819
1205297,Sports-Sports,228
1205297,Cultural-Italy,99
1205297,Football,94
1205297,Contemporary,42
1205297,Novels,40
1205297,Adult Fiction,38
1205297,Travel,36
1205297,Suspense,35
1205297,Adult,34
14404,Mystery,499
14404,Fiction,195
14404,Mystery-Crime,147
14404,Thriller,117
14404,Thriller-Mystery Thriller,77
14404,Mystery-Detective,71
18999,Fiction,579
18999,Spy Thriller-Espionage,268
18999,Thriller,243
18999,Mystery,177
44780,Humor,71
44780,Politics,61
44780,Nonfiction,56
13062235,Novels,28
13062235,Historical-Historical Fiction,11
13062235,Fiction,9
13062235,Literature,6
13062235,Politics,4
12351695,Cultural-France,93
12351695,Nonfiction,61
12351695,Biography,28
12351695,Roman,23
12351695,European Literature-French Literature,23
12351695,Autobiography-Memoir,21
12351695,Contemporary,19
12351695,Biography Memoir,9
12351695,Family,9
12351695,Drama,9
13551716,Paranormal-Vampires,5
13551716,Young Adult,4
13551716,Fantasy,3
13551716,Shapeshifters-Werewolves,3
13551716,Paranormal-Demons,2
14624906,Novels,13
14624906,Fiction,10
14624906,Asian Literature-Indonesian Literature,9
14624906,Family,8
16192492,Cultural-Japan,4
3426706,Historical-Historical Fiction,98
3426706,Fiction,34
3426706,Religion,13
3426706,Historical,8
9475932,Fantasy,158
9475932,Young Adult,43
9475932,Fiction,37
9475932,Adventure,28
9475932,Childrens-Middle Grade,24
11714997,Fantasy-Paranormal,139
11714997,Fantasy,133
11714997,Young Adult,120
11714997,Romance,80
11714997,Paranormal-Vampires,56
11714997,Fantasy-Supernatural,42
11714997,Romance-Paranormal Romance,42
11714997,Fantasy-Magic,31
11714997,Paranormal-Witches,22
11714997,Fantasy-Urban Fantasy,17
6344897,Poetry,86
6344897,Nonfiction,8
6344897,Literature,5
6344897,Literary Fiction,2
866136,Science Fiction,911
866136,Space-Space Opera,195
866136,Fiction,192
567610,Nonfiction,900
567610,Education,347
567610,Self Help,325
567610,Writing-Books About Books,188
567610,Language-Writing,170
567610,Reference,154
567610,Self Help-Personal Development,106
567610,Philosophy,102
567610,Classics,95
567610,Productivity,73
15734418,Adult Fiction-Erotica,65
15734418,Romance,50
15734418,Erotica-BDSM,34
15734418,Adult,17
8922087,Young Adult,214
8922087,Contemporary,120
13605091,Paranormal-Angels,7
13605091,Young Adult,5
13605091,Fantasy-Paranormal,5
13605091,Romance,4
13605091,Fantasy,3
9242236,Fiction,56
9242236,Cultural-India,22
9242236,Novels,19
2498049,History,62
13517470,Fantasy,12
13517470,Romance,4
13517470,Fiction,4
13517470,Horror,3
13517470,Fantasy-Urban Fantasy,3
16246625,Childrens-Picture Books,2
16246625,Childrens,2
424760,Cultural-France,24
424760,Fiction,21
424760,Novels,11
424760,Literature,9
424760,European Literature-French Literature,8
17118326,Fiction,3
7812107,Young Adult,149
7812107,Horror,131
7812107,Fantasy,92
7812107,Fantasy-Paranormal,53
7812107,Fiction,40
555987,Fiction,49
555987,Womens Fiction-Chick Lit,46
555987,Romance,9
555987,Adult,6
555987,Contemporary,6
555987,Adult Fiction,4
555987,Audiobook,4
555987,Humor,3
555987,Unfinished,2
2725,Philosophy,499
2725,Writing-Essays,232
2725,Nonfiction,221
2725,Philosophy-Theory,142
2725,Art,105
2725,Criticism-Literary Criticism,76
355034,Classics,75
355034,Fiction,74
355034,Cultural-France,47
355034,European Literature-French Literature,36
355034,Literature,31
12180248,Fantasy,1137
12180248,Young Adult,750
12180248,Fantasy-Fairy Tales,403
12180248,Romance,372
12180248,Retellings,220
12180248,Fantasy-Magic,167
12180248,Fiction,114
12180248,Young Adult-Young Adult Fantasy,85
12180248,Fairy Tales-Fairy Tale Retellings,82
12180248,Young Adult-Teen,66
44184,Young Adult,1477
44184,Fiction,514
44184,Realistic Fiction,364
44184,Young Adult-Teen,157
44184,Mystery-Crime,156
44184,Cultural-African American,149
44184,Contemporary,124
44184,Academic-School,118
44184,Mystery,79
44184,Audiobook,58
4303567,Fiction,27
4303567,Plays,26
4303567,Contemporary,23
4303567,Historical-Historical Fiction,22
4303567,Drama,20
4303567,Suspense,10
4303567,Thriller,8
4303567,Horror,8
17281601,Romance,112
17281601,New Adult,91
17281601,Romance-Contemporary Romance,46
17281601,Music,32
12262889,Mystery,3
78159,History,423
78159,Nonfiction,73
78159,Philosophy,26
78159,History-World History,20
78159,Historical,14
15768119,Fiction,72
15768119,LGBT,59
15768119,European Literature-Swedish Literature,55
15768119,Romance,27
5985016,Fiction,18
5985016,Cultural-France,13
5985016,Contemporary,6
5985016,Novels,5
18365529,Language-Writing,9
14058995,Poetry,5
533327,Religion-Islam,53
533327,Religion,52
533327,Nonfiction,23
11164732,Young Adult,255
11164732,Fantasy,239
11164732,Historical-Historical Fiction,220
11164732,Fantasy-Paranormal,147
11164732,Historical,111
11164732,Paranormal-Vampires,94
11164732,Romance,83
11164732,Cultural-Russia,49
11164732,Fantasy-Supernatural,46
11164732,Fantasy-Magic,40
18713128,Romance,14
18713128,Adult,4
18713128,Contemporary,2
593109,Classics,326
593109,Fantasy-Mythology,273
593109,History,113
203409,Economics-Finance,395
203409,Business,205
203409,Nonfiction,83
203409,Economics,64
203409,Currency-Money,40
7203997,Science Fiction,270
7203997,Romance,251
7203997,Science Fiction-Aliens,242
7203997,Adult Fiction-Erotica,206
7203997,Fantasy-Paranormal,135
7203997,Romance-Paranormal Romance,128
6781184,Fantasy,207
6781184,Childrens-Middle Grade,55
6781184,Young Adult,37
6781184,Paranormal-Fairies,34
10182392,Sequential Art-Manga,501
10182392,Fantasy,105
10182392,Sequential Art-Graphic Novels,69
10182392,Sequential Art-Comics,43
20518655,Romance,24
18138948,Romance,435
18138948,New Adult,311
18138948,Contemporary,202
18138948,Romance-Contemporary Romance,199
18138948,War-Military Fiction,112
18138948,Adult Fiction-Erotica,79
984021,Fiction,117
984021,Sports-Sports,105
984021,Football,105
984021,Historical-Historical Fiction,24
10552338,Fiction,1150
10552338,Science Fiction,738
10552338,Thriller,449
21915986,Romance,255
21915986,New Adult,248
21915986,Contemporary,109
21915986,Romance-Contemporary Romance,53
21915986,Travel-Road Trip,47
21915986,Young Adult,45
10385505,Childrens,3
17335881,Young Adult,19
17335881,Fantasy-Paranormal,14
17335881,Romance,8
17335881,Fantasy,6
17335881,Romance-Paranormal Romance,5
24767508,Nonfiction,290
24767508,Economics,276
24767508,Politics,101
24767508,History,45
24767508,Business,39
24767508,Philosophy,22
20943623,Romance,40
20943623,New Adult,32
20943623,Sociology-Abuse,21
20943623,Romance-Contemporary Romance,19
20943623,Contemporary,9
20943623,Adult,8
20943623,Dark,7
20943623,Drama,5
20943623,New Adult-New Adult Romance,3
20943623,Academic-College,3
11156963,Music,183
11156963,Biography,120
11156963,Nonfiction,111
11156963,Autobiography-Memoir,47
11156963,Biography-Autobiography,43
13606970,Fantasy,139
13606970,Fantasy-Magic,40
13606970,Young Adult,34
13606970,Romance,25
13606970,Adventure,15
23280000,New Adult,9
23280000,Romance,9
23280000,Contemporary,5
23280000,Romance-Contemporary Romance,5
23285789,Romance,3
23285789,New Adult,3
23285789,Young Adult,2
20492283,Dark,78
20492283,Erotica-BDSM,44
20492283,Romance,28
20492283,Sociology-Abuse,27
20492283,Adult Fiction-Erotica,26
20492283,Romance-Contemporary Romance,15
20492283,Contemporary,13
20492283,Adult,11
20492283,New Adult,7
20492283,Romance-Erotic Romance,6
17913288,Dark,232
17913288,Erotica-BDSM,123
17913288,Romance,96
17913288,Adult Fiction-Erotica,88
17913288,Sociology-Abuse,72
17913288,Contemporary,44
17913288,Adult,29
17913288,New Adult,21
17913288,Romance-Contemporary Romance,18
17913288,Romance-Erotic Romance,15
21955078,Science Fiction,24
21955078,Fiction,4
401454,Fantasy,219
401454,Fiction,26
401454,Humor,15
401454,Adventure,12
401454,Fantasy-High Fantasy,11
25668685,Womens Fiction-Chick Lit,25
25668685,Romance,12
25668685,Fiction,9
23517137,Womens Fiction-Chick Lit,2
23517137,Contemporary,2
23517137,Fiction,2
257669,Thriller,41
257669,Mystery,16
257669,Fiction,16
257669,Mystery-Crime,10
5505135,Fantasy,107
5505135,Young Adult,39
5505135,Science Fiction,23
5505135,Cultural-France,21
17350491,Childrens-Middle Grade,214
17350491,Historical-Historical Fiction,178
17350491,Fiction,121
17350491,Childrens,102
17350491,Adventure,99
17350491,Young Adult,87
17556418,Fiction,12
17556418,Literary Fiction,5
17556418,Cultural-Japan,4
119729,Nonfiction,133
119729,Cultural-Africa,110
119729,Parenting-Adoption,66
119729,Eastern Africa-Ethiopia,33
119729,Biography,31
119729,Autobiography-Memoir,18
27263454,Romance,532
27263454,Dark,260
27263454,Contemporary,222
27263454,Romance-Contemporary Romance,163
27263454,New Adult,137
27263454,Adult,82
27263454,Mystery-Crime,68
27263454,Suspense,63
27263454,Adult Fiction-Erotica,54
27263454,Sociology-Abuse,53
24849026,Mystery,308
24849026,Young Adult,279
24849026,Thriller,120
24849026,Contemporary,81
24849026,Mystery-Crime,64
23209927,Historical-Historical Fiction,1679
23209927,Fiction,912
23209927,Romance,308
23209927,Historical,254
23209927,Cultural-Scotland,179
23209927,Audiobook,178
23209927,War-World War II,140
23209927,Adult,119
23209927,Adult Fiction,108
23209927,War,75
30839185,Romance,1169
30839185,New Adult,482
30839185,Contemporary,452
30839185,Romance-Contemporary Romance,316
30839185,Dark,241
30839185,Adult,137
30839185,Sociology-Abuse,116
30839185,Adult Fiction-Erotica,78
30839185,Young Adult-High School,69
30839185,Fiction,54
6839020,Science Fiction-Steampunk,369
6839020,Young Adult,316
6839020,Fantasy,247
6839020,Science Fiction,217
6839020,Fiction,105
6839020,Science Fiction-Dystopia,96
35783057,Dark,58
35783057,Romance,44
35783057,Sociology-Abuse,26
393626,Contemporary,16
393626,Cultural-France,16
393626,Fiction,14
393626,Young Adult,7
393626,Roman,6
393626,Romance,6
30841984,Fantasy,2617
30841984,Fiction,201
30841984,Humor,153
30841984,Adventure,129
30841984,Adult,117
6732019,Business,2673
6732019,Nonfiction,809
6732019,Business-Entrepreneurship,329
6732019,Business-Management,222
6732019,Productivity,169
6732019,Self Help,146
6732019,Leadership,121
6732019,Buisness,102
6732019,Self Help-Personal Development,76
6732019,Science-Technology,69
43356955,Poetry,3
13452923,Novels-Light Novel,93
13452923,Fantasy,48
13452923,Fiction,22
13452923,Asian Literature-Japanese Literature,14
25434361,Nonfiction,235
25434361,Autobiography-Memoir,159
25434361,Audiobook,86
25434361,Music,74
25434361,Biography,69
31823677,Business,633
31823677,Nonfiction,549
31823677,Self Help,453
31823677,Self Help-Personal Development,206
31823677,Productivity,178
31823677,Psychology,83
31823677,Leadership,79
31823677,Business-Entrepreneurship,44
31823677,Philosophy,43
31823677,Reference,38
55792,Fantasy,54
55792,Fiction,16
55792,Classics,10
55792,Childrens,6
55792,Childrens-Middle Grade,4
55792,Christian Fiction-Christian Fantasy,4
55792,Young Adult,3
55792,Science Fiction Fantasy,3
55792,Religion,2
55792,Literature-20th Century,2
44107480,Historical-Historical Fiction,1348
44107480,Romance,592
44107480,Young Adult,498
44107480,Historical,334
44107480,Fiction,246
44107480,Fantasy,242
44107480,Fantasy-Mythology,180
44107480,Audiobook,96
44107480,War,92
44107480,War-World War I,51
39297840,Young Adult,83
39297840,Contemporary,72
39297840,Health-Mental Health,61
39297840,Mental Health-Mental Illness,18
48855342,Romance,331
48855342,Romance-Contemporary Romance,120
48855342,Contemporary,114
128529,Biography,277
128529,Nonfiction,181
128529,Science,157
128529,History,98
181972,Fiction,42
181972,Historical-Historical Fiction,13
181972,Historical,6
181972,Classics,5
96505,Fiction,32
96505,Adult Fiction-Erotica,25
96505,Romance,12
96505,Cultural-Africa,10
96505,Sexuality,7
7104,Fiction,117
7104,Classics,68
7104,Historical-Historical Fiction,51
7104,Literature,35
7104,Novels,22
7104,Literature-American,21
5744578,Childrens,3
5744578,Childrens-Picture Books,2
5744578,Holiday-Christmas,2
5744578,Holiday,2
471174,Religion-Islam,33
471174,Religion,14
471174,Nonfiction,13
108051,Horror,492
108051,Fiction,130
108051,Fantasy,92
298537,Fiction,64
298537,Cultural-Latin American,14
298537,Short Stories,11
298537,Literature,11
298537,European Literature-Spanish Literature,9
298537,Novels,7
298537,Sexuality,7
298537,Literature-20th Century,6
298537,Contemporary,6
298537,Literature-Latin American Literature,6
593105,Christian Fiction,66
593105,Mystery,39
593105,Christian,26
593105,Suspense,24
593105,Fiction,22
593105,Romance,13
9263,Writing-Essays,26
9263,Fiction,23
9263,Classics,10
9263,Literature,9
9263,Philosophy,5
9263,Short Stories,3
9263,Literature-American,3
9263,Literature-20th Century,2
9263,Novels,2
9263,American-Americana,2
815234,Childrens-Picture Books,908
815234,Childrens,427
170529,Young Adult,492
170529,Poetry,266
170529,Romance,157
170529,Realistic Fiction,115
170529,Fiction,96
170529,Contemporary,71
170529,Young Adult-Teen,62
170529,Literature-Banned Books,41
170529,Womens Fiction-Chick Lit,31
170529,Young Adult-High School,28
533779,Aviation,102
533779,Nonfiction,36
533779,History,30
533779,Biography,25
533779,Autobiography-Memoir,16
605663,Nonfiction,531
605663,Feminism,493
605663,GLBT-Queer,226
605663,LGBT,197
605663,Gender,196
605663,LGBT-Transgender,101
3105537,Historical-Historical Fiction,166
3105537,Fiction,82
3105537,Cultural-Spain,47
3105537,War,26
3105537,Historical,24
3105537,Civil War-Spanish Civil War,10
3105537,Novels,7
3105537,War-World War II,7
3105537,Book Club,6
3105537,Literary Fiction,5
1380834,Fiction,167
1380834,European Literature-Dutch Literature,77
1380834,Classics,61
1380834,Literature,54
254660,Religion,14
254660,Religion-Baha I,13
254660,Spirituality,4
254660,Nonfiction,3
615359,Young Adult,121
615359,Realistic Fiction,50
615359,Poetry,41
615359,Contemporary,29
331695,Travel,252
331695,Nonfiction,209
331695,Autobiography-Memoir,170
331695,Cultural-France,150
331695,Biography,43
331695,Womens Fiction-Chick Lit,18
331695,Romance,16
331695,Biography Memoir,16
331695,Biography-Autobiography,16
331695,Cultural-Australia,12
6658659,Young Adult,27
6658659,Contemporary,10
6658659,Fiction,7
6658659,Realistic Fiction,7
5290503,Fantasy,54
5290503,European Literature-Czech Literature,24
5290503,Science Fiction,18
5290503,Paranormal-Vampires,13
5290503,Fantasy-Urban Fantasy,10
5290503,Fiction,9
5290503,Horror,7
10711,Fiction,167
10711,Historical-Historical Fiction,35
10711,Humor,34
10711,Literature,19
10711,Religion,17
10711,Classics,14
5184603,Economics-Finance,11
5184603,Business,4
5184603,Nonfiction,2
406422,Fiction,38
406422,Christian Fiction,29
406422,Thriller,28
406422,Christian,19
406422,Horror,18
406422,Mystery,18
62558,Psychology,123
62558,Nonfiction,65
62558,Philosophy,58
62558,Science,29
62558,Occult,14
62558,Philosophy-Metaphysics,9
62558,Occult-Magick,7
62558,Science-Physics,5
62558,Self Help,5
62558,Spirituality,5
11106249,Mystery,49
11106249,Fiction,25
11106249,Suspense,13
11106249,Thriller,12
11106249,Fantasy-Paranormal,12
11106249,Fantasy,10
1739150,Fiction,55
1739150,European Literature-Scandinavian Literature,15
1739150,Novels,13
80738,Historical-Historical Fiction,197
80738,Cultural-France,43
80738,Historical,39
80738,Fiction,36
80738,Romance,18
80738,Literature-16th Century,13
13414323,Adult Fiction-Erotica,10
13414323,Erotica-BDSM,7
13414323,Dark,5
13414323,Fiction,4
13414323,Horror,4
13414323,Literary Fiction,4
13414323,Adult Fiction,2
13414323,Novels,2
131304,Science,706
131304,Nonfiction,300
131304,Science-Physics,142
131304,Science-Astronomy,83
131304,History,63
838130,Fiction,36
838130,Womens Fiction-Chick Lit,27
838130,Romance,25
9412215,Historical-Historical Fiction,393
9412215,Fiction,140
9412215,Cultural-Russia,124
9412215,Historical,73
9412215,Romance,39
10710392,Young Adult,419
10710392,Sequential Art-Graphic Novels,311
10710392,Romance,208
10710392,Contemporary,110
10710392,Fiction,95
10710392,Young Adult-Teen,79
186445,Fantasy,161
186445,Fantasy-Urban Fantasy,93
186445,Fiction,89
186445,Science Fiction Fantasy,29
7779571,Fiction,252
7779571,Cultural-Israel,90
7779571,Historical-Historical Fiction,49
7779571,War,42
7779571,Literature-Jewish,29
16093278,Fiction,2
2642142,Childrens-Picture Books,46
2642142,Childrens,17
2642142,Cultural-Canada,9
16003058,Erotica-Menage,9
16003058,Fantasy-Paranormal,6
16003058,Adult Fiction-Erotica,6
16003058,Menage-M M F,5
16003058,Romance,5
16003058,Romance-M M Romance,3
16003058,Romance-Paranormal Romance,3
15743703,Fantasy,447
15743703,Fiction,51
15743703,Fantasy-Epic Fantasy,28
53948,Religion-Theology,41
53948,Christian,26
53948,Religion,16
53948,Reference,14
53948,Religion-Christianity,13
3173125,Fiction,371
3173125,Thriller,190
3173125,Mystery,148
3173125,Mystery-Crime,125
3173125,Humor,91
13618136,Mystery,2
54995,Fiction,82
54995,Cultural-Russia,45
54995,Classics,22
54995,Literature-Russian Literature,19
54995,Novels,17
43885,Fantasy,107
43885,Fantasy-Epic Fantasy,9
43885,Fiction,9
130730,Design,802
130730,Nonfiction,130
130730,Business,56
130730,Reference,43
13554131,Historical-Historical Fiction,38
13554131,Fiction,13
13554131,Historical,8
544354,Health,182
544354,Health-Nutrition,100
544354,Nonfiction,62
544354,Food and Drink-Food,54
544354,Science,23
2877205,Novels,37
2877205,Fiction,18
25581147,Fantasy,427
25581147,Fantasy-High Fantasy,32
25581147,Fiction,30
536622,Fiction,18
536622,Cultural-Israel,17
536622,Novels,5
66677,Fantasy,402
66677,Dungeons and Dragons-Forgotten Realms,103
66677,Fiction,41
12384984,Young Adult,255
12384984,Realistic Fiction,196
12384984,Childrens-Middle Grade,157
12384984,Contemporary,86
12384984,Fiction,81
12384984,Family,70
12384984,Death,67
12384984,LGBT,49
12384984,Young Adult-Teen,35
12384984,Young Adult-Coming Of Age,30
9219901,Nonfiction,781
9219901,Autobiography-Memoir,530
9219901,Biography,279
9219901,Biography-Autobiography,141
15766776,Fantasy,605
15766776,Childrens-Middle Grade,308
15766776,Fantasy-Fairy Tales,180
15766776,Childrens,120
15766776,Fiction,101
15766776,Adventure,96
17669067,Fantasy,892
17669067,Fiction,58
17669067,Fantasy-Epic Fantasy,47
18667307,Sequential Art-Manga,3243
18667307,Horror,444
18667307,Sequential Art-Graphic Novels,232
18667307,Fantasy,229
18667307,Sequential Art-Comics,154
18667307,Fiction,80
18667307,Fantasy-Paranormal,73
18667307,Young Adult,68
18667307,Fantasy-Supernatural,65
18667307,Comics Manga,52
297898,Fantasy-Urban Fantasy,474
297898,Fantasy,230
297898,Fantasy-Paranormal,164
297898,Mystery,101
297898,Fiction,74
297898,Fantasy-Supernatural,50
297898,Paranormal-Ghosts,49
297898,Paranormal-Vampires,48
297898,Horror,30
297898,Fantasy-Magic,24
21894650,Fantasy-Paranormal,15
21894650,Young Adult,11
21894650,Paranormal-Vampires,11
21894650,Fantasy,11
21894650,Romance,8
22324795,Romance,364
22324795,Romance-Contemporary Romance,196
22324795,Contemporary,191
22324795,New Adult,109
22324795,Adult,77
22324795,Adult Fiction-Erotica,56
18811324,Young Adult,158
18811324,Science Fiction,88
18811324,Science Fiction-Dystopia,55
18811324,Apocalyptic-Post Apocalyptic,41
18811324,Fiction,39
18811324,Adventure-Survival,38
18811324,Adventure,34
18811324,Science Fiction-Apocalyptic,27
18811324,Fantasy,21
18811324,Young Adult-Teen,16
42988,Fiction,107
42988,Humor,24
42988,Travel,9
42988,Literature,9
23742469,Horror,4
20935107,Romance,238
20935107,New Adult,228
20935107,Contemporary,130
20935107,War-Military Fiction,77
20935107,Young Adult,45
18244599,Young Adult,9
18244599,Sociology-Abuse,6
18244599,New Adult,6
119832,Young Adult,106
119832,Realistic Fiction,47
119832,Fiction,26
119832,Cultural-African American,19
119832,Young Adult-Teen,18
6684540,Music,65
6684540,Nonfiction,60
6684540,Philosophy,40
6684540,Music-Hip Hop,24
6684540,Biography,22
6684540,Autobiography-Memoir,20
112518,Science Fiction,742
112518,Fiction,220
783291,Fiction,739
783291,Contemporary,97
25365530,Thriller,347
25365530,Fiction,236
25365530,Mystery,197
25365530,Thriller-Mystery Thriller,113
25365530,Mystery-Crime,97
25365530,Thriller-Psychological Thriller,93
13623874,Nonfiction,203
13623874,History,192
13623874,Cultural-Israel,54
13623874,Spy Thriller-Espionage,53
13623874,Politics,37
25481803,Dark,15
25481803,Romance,13
25481803,Adult Fiction-Erotica,12
25481803,Erotica-BDSM,8
25481803,Sociology-Abuse,7
25053346,Romance,79
25053346,Novels,24
25053346,Asian Literature-Indonesian Literature,22
25668970,Short Stories,3
17801134,Fantasy,38
17801134,Young Adult,9
17801134,European Literature-Spanish Literature,6
17801134,Horror,4
17801134,Fantasy-Paranormal,3
17801134,Romance,3
17801134,Young Adult-Young Adult Fantasy,2
17801134,Fantasy-Dark Fantasy,2
22841551,Young Adult,51
22841551,LGBT,50
22841551,Romance,26
22841551,Contemporary,20
22841551,Romance-M M Romance,17
28091259,Thriller,38
28091259,Mystery,27
28091259,Fiction,18
28091259,Thriller-Psychological Thriller,11
17657206,Horror,8
17657206,Fantasy-Paranormal,8
17657206,Paranormal-Vampires,7
23266378,Young Adult,207
23266378,Romance,195
23266378,Science Fiction-Time Travel,121
23266378,Science Fiction,115
23266378,Historical-Historical Fiction,115
23266378,Fantasy,108
32284715,Fantasy,3
32284715,Fantasy-Supernatural,2
13115538,Historical-Historical Fiction,129
13115538,Cultural-China,25
13115538,Fiction,18
13115538,Cultural-Asia,17
13115538,Historical,16
13115538,Literature-18th Century,10
13115538,Literature-Asian Literature,9
18586621,Horror-Zombies,189
18586621,Horror,110
18586621,Apocalyptic-Post Apocalyptic,71
18586621,Romance,62
18586621,Science Fiction-Dystopia,57
31367949,Romance,107
31367949,Historical-Historical Fiction,64
31367949,Romance-Historical Romance,62
31367949,Historical,49
15790894,Science Fiction,987
15790894,Romance,296
15790894,Space-Space Opera,228
15790894,Fiction,147
15790894,Science Fiction-Aliens,127
29952526,Romance-Paranormal Romance,5
29952526,Paranormal-Angels,5
29952526,Fantasy-Paranormal,4
29952526,Fantasy,4
29952526,Paranormal-Demons,3
32797060,Romance,245
32797060,Contemporary,95
32797060,New Adult,82
32797060,Romance-Contemporary Romance,77
32797060,War-Military Fiction,52
24611819,Science Fiction,719
24611819,Fiction,442
24611819,Science Fiction-Cyberpunk,204
26597596,Contemporary,6
26597596,Romance,4
26597596,Harlequin-Harlequin Heartwarming,4
26597596,Romance-Contemporary Romance,2
26597596,Mystery,2
26597596,Fiction,2
26597596,Thriller-Mystery Thriller,2
34213608,Fantasy,534
34213608,Historical-Historical Fiction,264
34213608,Young Adult,236
34213608,Historical,101
34213608,Fiction,82
34213608,Fantasy-Paranormal,75
29923707,Fantasy,1796
29923707,Young Adult,860
29923707,Young Adult-Young Adult Fantasy,161
31144992,Young Adult,78
31144992,Contemporary,62
31144992,Romance,31
31144992,Fiction,17
31144992,Young Adult-Young Adult Contemporary,12
31144992,Realistic Fiction,7
31144992,Science Fiction,5
31144992,Young Adult-High School,5
31144992,Science Fiction-Time Travel,5
31144992,Magical Realism,5
29202269,Fantasy,4
29202269,Young Adult,3
18077875,Nonfiction,1549
18077875,Self Help,890
18077875,Business,761
18077875,Productivity,441
18077875,Self Help-Personal Development,403
35003240,Nonfiction,79
35003240,Autobiography-Memoir,32
35003240,Biography,28
35003240,War,11
35003240,Disability,9
33893388,Fantasy,52
33893388,Romance,16
33893388,Young Adult,16
33893388,Fiction,4
33893388,Historical-Medieval,3
33893388,Young Adult-Young Adult Fantasy,3
33893388,Young Adult-Teen,2
33893388,Historical,2
33893388,Fantasy-High Fantasy,2
23688121,Fantasy,29
23688121,Young Adult,9
23688121,Romance,7
23688121,Fiction,4
35297469,Contemporary,719
35297469,Young Adult,676
35297469,Romance,637
32956365,Romance,652
32956365,Fiction,590
32956365,Contemporary,271
32956365,Womens Fiction-Chick Lit,189
18941670,Romance,4
18941670,Cultural-Ireland,2
29093292,Philosophy,648
29093292,Nonfiction,297
29093292,Self Help,207
29093292,Self Help-Personal Development,89
41728904,Young Adult,2
26255907,Young Adult,167
26255907,Contemporary,131
26255907,Feminism,85
26255907,Romance,81
5956935,Short Stories,7
5956935,Fiction,5
5956935,Literature,2
3359010,Fiction,5
3359010,Family,2
50633870,Romance,2
43848929,Nonfiction,2816
43848929,Psychology,922
43848929,Audiobook,557
43848929,Self Help,261
43848929,Sociology,261
43848929,Science,218
43848929,Business,136
43848929,Self Help-Personal Development,83
43848929,Adult,79
43848929,Social Science,64
37769577,Nonfiction,277
37769577,Philosophy,62
37769577,Psychology,48
37769577,Self Help,39
37769577,Sociology,30
130346,Classics,139
130346,Fiction,40
130346,Romance,21
130346,Literature,12
130346,Classics-Classic Literature,8
130346,Novels,6
45294613,Fiction,771
45294613,Contemporary,274
45294613,Audiobook,104
45294613,Adult Fiction,83
45294613,Adult,79
45294613,Literary Fiction,74
45294613,Young Adult-Coming Of Age,64
45294613,Family,46
45294613,Young Adult,42
45294613,Book Club,24
446279,Fantasy,131
446279,Young Adult,42
446279,Fiction,15
807044,Fiction,93
807044,Womens Fiction-Chick Lit,39
807044,Cultural-Ireland,22
807044,Romance,20
807044,Food and Drink-Food,16
807044,Adult Fiction,11
80268,Fiction,209
80268,Cultural-France,133
80268,Classics,91
80268,European Literature-French Literature,47
209690,Fantasy,487
209690,Fiction,153
209690,Fantasy-Urban Fantasy,87
209690,Science Fiction,38
209690,Horror,37
22469,Sequential Art-Comics,621
22469,Sequential Art-Graphic Novels,448
22469,Superheroes-Marvel,151
22469,Comics-Comic Book,73
22469,Fiction,52
214888,Poetry,332
214888,European Literature-Spanish Literature,14
214888,Cultural-Latin American,11
5409442,Young Adult,95
5409442,Romance,36
5409442,Contemporary,34
5409442,Fiction,26
5409442,Death,17
5409442,Art,13
5409442,Young Adult-Teen,13
5409442,Realistic Fiction,12
5409442,Young Adult-Young Adult Contemporary,8
5409442,Young Adult-Young Adult Romance,6
683927,Religion-Islam,28
683927,Religion,15
683927,History,12
683927,Nonfiction,5
683927,Religion-Christianity,3
138558,Fiction,97
138558,Historical-Historical Fiction,24
138558,Paranormal-Ghosts,17
138558,Mystery,13
5988458,Religion,12
5988458,Nonfiction,7
347339,Romance,191
347339,Romance-Historical Romance,106
347339,Historical-Historical Fiction,83
347339,Historical,65
347339,Fiction,40
80492,Science Fiction,26
80492,Young Adult,8
80492,Classics,4
80492,Science Fiction-Dystopia,4
80492,Childrens,3
80492,Audiobook,2
80492,Novels,2
80492,Fantasy,2
80492,Fiction,2
7932,Childrens,60
7932,Fiction,39
7932,Adventure,23
15100,Fiction,91
15100,Historical-Historical Fiction,65
15100,Gothic,44
15100,Horror,20
15100,Historical,16
588723,Young Adult,117
588723,Fiction,66
588723,Classics,19
588723,Realistic Fiction,11
588723,Academic-School,8
588723,Young Adult-Teen,7
588723,Childrens,5
588723,Novels,5
588723,Contemporary,4
588723,Young Adult-High School,4
16743,Fiction,47
16743,Romance,15
459901,Fantasy,160
459901,Science Fiction,56
459901,Young Adult,53
459901,Fiction,32
5269911,Poetry,46
5269911,Writing-Essays,8
317293,Womens Fiction-Chick Lit,228
317293,Romance,99
317293,Contemporary,42
317293,Romance-Contemporary Romance,26
317293,Fiction,26
317293,Humor,16
271487,Historical-Historical Fiction,392
271487,LGBT,187
271487,Fiction,176
271487,Historical,172
271487,Romance,78
271487,Romance-M M Romance,65
276967,Fiction,96
276967,Historical-Historical Fiction,86
276967,War-World War II,25
276967,European Literature-British Literature,21
276967,Historical,21
276967,Literature-20th Century,15
276967,War,14
276967,Novels,11
276967,Literary Fiction,8
276967,Romance,7
6377319,Nonfiction,3
6377319,Polyamory,3
6377319,Sexuality,3
6377319,Sociology,2
3107,Fiction,137
3107,Cultural-Italy,53
3107,Historical-Historical Fiction,48
3107,Art,22
3107,Writing-Books About Books,21
6566722,Mystery,1573
6566722,Fiction,646
6566722,Mystery-Crime,447
6566722,Thriller,247
7776678,Mystery,882
7776678,Fiction,342
7776678,Mystery-Crime,250
205821,Historical-Historical Fiction,708
205821,Childrens,356
205821,Classics,311
205821,Fiction,307
10639954,Mystery,147
10639954,Fantasy-Paranormal,54
10639954,Mystery-Cozy Mystery,37
10639954,Fiction,35
10639954,Humor,32
9722241,Fantasy,21
9722241,Romance,5
9722241,Fantasy-Magic,4
9722241,Unfinished,2
9722241,Adventure,2
9722241,Young Adult,2
10869001,Philosophy,20
10869001,Nonfiction,3
2416991,Fiction,2
867356,Fiction,32
867356,Classics,26
867356,Cultural-Africa,7
867356,Literature,6
3191898,Nonfiction,32
3191898,Sociology,18
1569097,Fantasy,73
1569097,Young Adult,26
1569097,Science Fiction,11
1569097,Paranormal-Vampires,11
1569097,Romance,10
1569097,Fiction,7
2942523,Fantasy,195
2942523,Science Fiction,46
2942523,Fiction,22
2942523,Fantasy-Dark Fantasy,12
2942523,Fantasy-Epic Fantasy,11
865516,Science,183
865516,Nonfiction,140
865516,Anthropology,57
865516,Spirituality,47
865516,Philosophy,44
865516,Psychology,28
6309229,Science Fiction-Dystopia,45
6309229,Fiction,35
6309229,Science Fiction,33
6309229,European Literature-German Literature,29
12885,Short Stories,212
12885,Fiction,193
12885,Literature,44
12885,Literature-American,35
320200,Thriller,97
320200,Fiction,55
320200,Mystery,43
320200,Mystery-Crime,32
781653,Fiction,293
781653,Historical-Historical Fiction,141
781653,Young Adult-Coming Of Age,32
781653,Westerns,32
781653,Academic-School,27
7543231,Sequential Art-Manga,316
7543231,Romance,31
7543231,Manga-Seinen,16
7543231,Sequential Art-Graphic Novels,14
7543231,Sequential Art-Comics,13
8550813,Nonfiction,228
8550813,Autobiography-Memoir,102
8550813,Biography,63
12162274,Novels,8
7740772,Young Adult,260
7740772,Mystery,138
7740772,Fiction,92
7740772,Realistic Fiction,64
7740772,Adventure,64
8485458,Fantasy,137
8485458,Animals,87
8485458,Childrens-Middle Grade,42
8485458,Fiction,38
8485458,Childrens,30
8485458,Animals-Cats,28
8485458,Young Adult,26
8485458,Adventure,19
8485458,Animals-Animal Fiction,10
8485458,Childrens-Young Readers,5
10552088,Fantasy,203
10552088,Fiction,45
10552088,Adventure,39
10552088,Young Adult,39
10552088,Childrens,29
10552088,Childrens-Middle Grade,28
10552088,Fantasy-Magic,17
10552088,Fantasy-Fairy Tales,17
10552088,Retellings,15
10552088,Audiobook,11
555500,Fantasy,674
555500,Young Adult,160
555500,Fiction,123
555500,Adventure,96
555500,Childrens-Middle Grade,80
555500,Childrens,71
555500,Fantasy-Magic,52
555500,Retellings,42
555500,Adventure-Pirates,34
555500,Childrens-Juvenile,30
975885,Horror,169
975885,Paranormal-Vampires,129
975885,Fantasy,75
975885,Fiction,54
975885,Fantasy-Paranormal,30
975885,Fantasy-Urban Fantasy,17
6851,Nonfiction,80
6851,Biography,57
6851,Autobiography-Memoir,18
403101,Fiction,23
403101,Classics,12
403101,Historical-Historical Fiction,8
403101,Christian Fiction,6
403101,Christian,5
7351574,Young Adult,38
7351574,Paranormal-Vampires,36
7351574,Fantasy,25
7351574,Romance,21
7606431,Fiction,92
7606431,Womens Fiction-Chick Lit,49
7606431,Contemporary,22
11753084,Historical-Historical Fiction,5
16114675,Paranormal-Angels,4
16114675,Fantasy,3
16114675,Fantasy-Paranormal,3
16114675,Romance,3
13603792,Fantasy,407
13603792,Science Fiction-Steampunk,221
13603792,Adventure,48
13603792,Romance,42
13603792,Fantasy-Magic,33
13044650,Fantasy,461
13044650,Science Fiction-Steampunk,238
13044650,Adventure,48
13044650,Romance,41
13044650,Fantasy-Magic,41
13044650,Fiction,26
13044650,Mystery,26
13044650,Science Fiction,23
13044650,Adult,17
13044650,Fantasy-Urban Fantasy,16
11672438,Fantasy,554
11672438,Science Fiction-Steampunk,274
11672438,Adventure,49
11672438,Fantasy-Magic,46
11672438,Romance,44
96908,Sequential Art-Graphic Novels,456
96908,Sequential Art-Comics,454
96908,Horror,186
96908,Fiction,83
96908,Humor,69
5444895,Fiction,103
5444895,Music,34
5444895,Contemporary,11
5444895,Romance,11
5444895,Novels,10
21278,Fiction,101
21278,Mystery-Crime,94
21278,Mystery,80
21278,Thriller,75
21278,Mystery-Noir,41
12591698,Science Fiction,2906
12591698,Fiction,878
12591698,Space-Space Opera,583
3664164,Young Adult,27
3664164,Contemporary,15
3664164,Mental Health-Mental Illness,13
3664164,Fiction,9
3664164,Health-Mental Health,7
3664164,Realistic Fiction,6
3664164,Music,5
3664164,New Adult,4
3664164,Romance,3
158479,Cultural-Russia,66
158479,Fiction,33
158479,Adventure,24
158479,Classics,22
158479,Literature-Russian Literature,16
158479,Young Adult,8
33016249,Nonfiction,803
33016249,Feminism,466
33016249,Short Stories,215
33016249,Childrens,208
3629971,Historical-Historical Fiction,589
3629971,Fiction,288
3629971,Historical,114
3629971,Thriller,25
3629971,Roman,23
3629971,Cultural-Italy,21
3629971,Politics,20
3629971,Audiobook,20
3629971,Novels,19
3629971,Classics,14
683406,Young Adult,41
683406,Contemporary,15
683406,Humor,14
683406,Fiction,13
15782604,Fantasy-Paranormal,5
15782604,Young Adult,3
15782604,Suspense,2
15782604,Romance,2
16075834,Fantasy,23
15980313,Romance,11
15980313,Dark,5
15980313,Suspense,5
15980313,Adult,4
12444166,Fantasy-Urban Fantasy,1081
12444166,Fantasy,927
12444166,Fantasy-Paranormal,738
12444166,Fairies-Fae,365
12444166,Romance,276
12444166,Romance-Paranormal Romance,276
8339286,Fantasy,68
8339286,Fiction,47
8339286,Young Adult,38
8339286,Childrens,35
8339286,Childrens-Middle Grade,28
8339286,Adventure,19
8339286,Fantasy-Fairy Tales,14
8339286,Death,7
8339286,Roman,6
8339286,Family,6
6465063,Science Fiction,109
6465063,40k,63
6465063,Fiction,43
38463,Fiction,850
38463,Classics,424
38463,Cultural-African American,136
38463,Race,109
38463,Audiobook,91
38463,Literary Fiction,82
38463,Novels,81
38463,Romance,73
38463,Historical-Historical Fiction,53
38463,Literature,53
17283481,Romance,17
17283481,Fiction,8
17283481,Contemporary,7
17283481,Thriller-Mystery Thriller,5
186668,Fantasy,380
186668,Fiction,122
186668,Historical-Historical Fiction,115
186668,Cultural-Japan,61
186668,Young Adult,45
186668,Historical,43
7233473,Philosophy,6
17458478,Romance,192
17458478,Adult Fiction-Erotica,82
17458478,Romance-Contemporary Romance,72
17458478,Contemporary,72
3675828,Mystery,354
3675828,Fiction,221
3675828,Thriller,189
3675828,Mystery-Crime,99
11378659,Young Adult,145
11378659,Mystery,60
11378659,Fantasy,56
11378659,Contemporary,49
353761,Historical-Historical Fiction,299
353761,Fantasy,100
353761,Historical,85
353761,Fiction,76
353761,Cultural-France,35
71111,Nonfiction,242
71111,Crime-True Crime,148
71111,History,111
71111,Mystery-Crime,93
71111,Biography,37
744224,Fiction,156
744224,Historical-Historical Fiction,74
744224,Cultural-Canada,44
399212,Religion,38
399212,Christianity-Lds,32
399212,Nonfiction,16
399212,Religion-Church,10
399212,Spirituality,7
399212,Lds-Mormonism,7
1433867,Fiction,16
1433867,Humor,7
1433867,Sports-Sports,3
1433867,Modern,2
1433867,Music,2
18112657,Erotica-Menage,8
18112657,Adult Fiction-Erotica,7
18112657,Romance,4
18112657,Dark,4
293951,Young Adult,50
293951,Historical-Historical Fiction,42
293951,Academic-School,21
293951,Fiction,17
293951,Historical,15
7074259,Young Adult,281
7074259,Contemporary,184
7074259,Romance,121
7074259,Realistic Fiction,61
1357195,Fantasy,3
1357195,Animals-Cats,2
20321703,Polyamorous-Reverse Harem,173
20321703,Romance,128
20321703,Young Adult,121
20321703,Contemporary,54
20321703,Young Adult-High School,38
20321703,Mystery,25
20321703,Spy Thriller-Espionage,17
20321703,New Adult,17
20321703,Fiction,15
20321703,Young Adult-Teen,12
18714697,Polyamorous-Reverse Harem,174
18714697,Young Adult,134
18714697,Romance,125
18714697,Contemporary,54
18714697,Young Adult-High School,41
1167033,Fiction,8
1167033,Contemporary,3
1167033,Cultural-International,2
16058721,Fantasy-Paranormal,47
16058721,Romance-Paranormal Romance,36
16058721,Romance,26
16058721,Paranormal-Angels,24
16058721,Fantasy,21
16058721,Paranormal-Vampires,20
16058721,Paranormal-Demons,16
21856225,Fiction,12
21856225,Humor,9
21856225,Humor-Comedy,2
20567999,New Adult,24
20567999,Romance-M M Romance,21
20567999,Romance,18
20567999,Contemporary,12
20567999,Adult Fiction-Erotica,8
20567999,Young Adult,7
20567999,Romance-Contemporary Romance,5
20567999,Fiction,5
20567999,Erotica-BDSM,4
20567999,LGBT,4
5723653,Fantasy-Urban Fantasy,329
5723653,Fantasy,138
5723653,Fantasy-Paranormal,92
5723653,Mystery,51
5723653,Fiction,35
5723653,Paranormal-Vampires,34
22751611,War-Military Fiction,2
22751611,Adult Fiction-Erotica,2
207918,Fiction,36
207918,Philosophy,16
207918,Cultural-France,15
207918,European Literature-French Literature,11
207918,Literature,10
207918,Novels,7
207918,Humor,5
207918,Classics,5
207918,Science Fiction,4
207918,Literature-20th Century,4
1118616,Fiction,98
1118616,Novels,44
1118616,Cultural-France,32
1118616,War,22
384221,Nonfiction,63
384221,Writing-Essays,62
384221,Short Stories,24
384221,Cultural-Turkish,17
17408601,Fantasy-Paranormal,27
17408601,Romance-Paranormal Romance,26
17408601,Paranormal-Angels,18
17408601,Romance,17
17408601,Paranormal-Vampires,14
17408601,Fantasy,14
17408601,Paranormal-Demons,11
16110552,Fantasy-Paranormal,38
16110552,Romance-Paranormal Romance,28
16110552,Paranormal-Angels,25
16110552,Romance,21
16110552,Paranormal-Vampires,19
16110552,Fantasy,18
16110552,Paranormal-Demons,16
21801701,Historical-Historical Fiction,23
21801701,Fiction,12
21801701,Historical,10
30658,Philosophy,1693
30658,Nonfiction,237
30658,Classics,124
30658,Cultural-France,50
7171561,Fantasy,22
7171561,Science Fiction-Dystopia,12
7171561,Science Fiction,11
7171561,Fiction,11
7171561,Asian Literature-Japanese Literature,9
776175,Sequential Art-Manga,211
776175,Sequential Art-Comics,110
776175,Sequential Art-Graphic Novels,90
776175,Fiction,16
776175,Asian Literature-Japanese Literature,14
776175,Cultural-Japan,12
18295852,Young Adult,925
18295852,Romance,736
18295852,Contemporary,666
18295852,Fiction,161
20483084,Fantasy,69
20483084,Childrens-Middle Grade,31
20483084,Animals,26
20483084,Animals-Horses,19
20483084,Fiction,12
20483084,Adventure,10
84463,Science Fiction,38
84463,40k,25
84463,Fiction,18
7139340,Asian Literature-Turkish Literature,25
7139340,Fiction,23
7139340,Cultural-Turkish,18
7139340,Fantasy,11
7139340,Novels,8
7139340,Literature,6
22892122,Romance,569
22892122,Contemporary,222
22892122,Romance-Contemporary Romance,220
22892122,New Adult,213
22892122,Adult Fiction-Erotica,139
17700404,Womens Fiction-Chick Lit,43
17700404,Romance,20
17700404,Fiction,17
17700404,Humor,14
13415323,Romance,19
13415323,Young Adult,18
13415323,Contemporary,13
13415323,New Adult,6
13415323,Travel,4
13410943,Romance,306
13410943,Young Adult,295
13410943,Contemporary,138
25935012,Thriller-Mystery Thriller,2
25935012,New Adult,2
23019022,Romance,8
23019022,Romance-Contemporary Romance,8
23019022,Womens Fiction-Chick Lit,2
65388,Historical-Historical Fiction,27
65388,Fiction,17
65388,European Literature-Finnish Literature,11
65388,Historical,8
782519,Classics,211
782519,Fiction,139
782519,Historical-Victorian,50
782519,Literature-19th Century,45
782519,Literature,36
29776603,Fiction,21
29776603,Young Adult,11
29776603,Contemporary,2
29776603,Young Adult-Teen,2
13505635,Realistic Fiction,28
13505635,Parenting-Adoption,21
13505635,Childrens-Middle Grade,16
13505635,Fiction,14
13505635,Young Adult,11
23398748,Nonfiction,191
23398748,Philosophy,138
23398748,Economics,48
23398748,Self Help,44
603387,Romance,165
603387,Romance-Historical Romance,128
603387,Historical,51
603387,Historical-Historical Fiction,36
27272505,Young Adult,238
27272505,Contemporary,163
1048897,Parenting,99
1048897,Family,48
1048897,Nonfiction,21
1048897,Religion-Christianity,20
1048897,Christian-Christian Living,19
1048897,Religion-Theology,13
1048897,Marriage,10
1048897,Religion-Faith,9
1048897,Spirituality,9
1048897,Religion,6
440638,Fiction,45
440638,European Literature-Italian Literature,32
548370,Fiction,63
548370,Cultural-Australia,41
548370,Cultural-Tasmania,11
548370,Literary Fiction,8
7881207,History,300
7881207,Nonfiction,172
7881207,Humor,46
7881207,Cultural-France,40
7881207,Historical,26
7881207,History-European History,9
7881207,Cultural,8
7881207,Travel,8
7881207,Humor-Comedy,8
7881207,European Literature-British Literature,7
130119,Philosophy,2244
130119,Nonfiction,337
130119,Classics,157
130119,Psychology,55
23466036,Horror-Zombies,74
23466036,Apocalyptic-Post Apocalyptic,30
23466036,Horror,25
23466036,Romance,23
23466036,Science Fiction-Dystopia,17
26212359,Romance,28
26212359,Adult Fiction-Erotica,9
26212359,Contemporary,5
6912491,Science Fiction,22
6912491,Fiction,14
6912491,Fantasy,9
6912491,Cultural-France,9
18589573,Fiction,28
18589573,Asian Literature-Turkish Literature,22
18589573,Cultural-Turkish,11
18589573,Novels,8
1161134,European Literature-Romanian Literature,55
1161134,Classics,30
1161134,Romance,29
1161134,Fiction,18
11547633,Fiction,200
11547633,Cultural-Brazil,58
11547633,Classics,58
11547633,Novels,39
11547633,Cultural-Latin American,28
775198,World War II-Holocaust,85
775198,History,81
775198,Nonfiction,67
775198,War-World War II,30
775198,War,27
775198,Biography,26
182136,Politics,37
182136,History,25
182136,Nonfiction,14
182136,Psychology,7
182136,Religion,6
182136,Literature-Jewish,5
36411879,Romance,38
36411879,Dark,37
36411879,Sociology-Abuse,17
3170458,Fantasy,523
3170458,Fiction,157
3170458,Classics,64
3170458,Gothic,56
37569318,Fantasy,576
37569318,Young Adult,247
37569318,Romance,62
37569318,Young Adult-Young Adult Fantasy,58
37569318,Fiction,48
37569318,Fantasy-Mythology,32
37569318,Fantasy-High Fantasy,30
37569318,Literature-Asian Literature,24
37569318,Cultural-Japan,16
37569318,Fantasy-Magic,15
34091026,Nonfiction,15
34091026,Autobiography-Memoir,8
724666,Science Fiction,274
724666,Fiction,73
724666,Short Stories,63
724666,Science Fiction Fantasy,12
724666,Anthologies,11
724666,Anthologies-Collections,8
724666,Classics,5
724666,Short Stories-Short Story Collection,5
724666,Literature-American,4
724666,Fantasy,4
432020,Sequential Art-Manga,837
432020,Fantasy,68
432020,Sequential Art-Graphic Novels,57
432020,Sequential Art-Comics,52
432020,Fantasy-Supernatural,30
6455256,Mystery,223
6455256,Fiction,163
6455256,Thriller,132
40864841,Sequential Art-Graphic Novels,1645
40864841,Young Adult,742
40864841,LGBT,654
40864841,Sequential Art-Comics,483
40864841,Contemporary,353
34739995,Historical-Historical Fiction,318
34739995,Young Adult,120
34739995,Childrens-Middle Grade,76
34739995,War-World War II,48
34739995,Historical,43
34739995,Fiction,36
34739995,World War II-Holocaust,35
44581535,Fiction,349
44581535,LGBT,200
44581535,Romance,168
44581535,Contemporary,126
254501,Psychology,25
254501,Philosophy,25
254501,Science,19
254501,Nonfiction,14
254501,Biology-Neuroscience,6
5996786,Short Stories,24
11205802,Romance,100
11205802,New Adult,35
11205802,Contemporary,33
11205802,Romance-Contemporary Romance,25
11205802,Adult,20
36647568,Nonfiction,11
36647568,Science,9
36647568,Psychology,3
36647568,Self Help,2
11284,Science Fiction,54
11284,Fiction,40
11284,Fantasy,18
11284,Horror,11
11284,Novels,6
11284,Roman,4
11284,Science Fiction Fantasy,3
11284,Thriller,2
11284,Contemporary,2
11284,Drama,2
109326,Fiction,33
109326,Cultural-India,30
109326,Historical-Historical Fiction,23
109326,Asian Literature-Indian Literature,12
872789,Fantasy,32
872789,Fiction,21
872789,Childrens,10
872789,Mystery,7
28660,Fantasy,765
28660,Fantasy-Epic Fantasy,67
28660,Fiction,39
28660,Fantasy-High Fantasy,35
77789,Fiction,189
77789,Humor,34
77789,Cultural-African American,23
77789,Novels,22
77789,Contemporary,20
77789,Race,18
77789,Young Adult,11
77789,Literature-American,9
77789,Adult Fiction,8
77789,American-African American Literature,8
882053,Westerns,317
882053,Fiction,95
882053,Historical-Historical Fiction,36
15682,Fiction,277
15682,Philosophy,232
15682,Classics,121
15682,Cultural-France,84
15682,Literature,62
137446,Fiction,68
137446,Cultural-Ireland,50
137446,Historical-Historical Fiction,44
137446,European Literature-Irish Literature,42
137446,Literary Fiction,11
137446,Historical,10
224424,Humor,29
224424,Nonfiction,15
224424,Humor-Comedy,8
224424,Audiobook,7
224424,Cultural-African American,4
224424,Biography,3
224424,Autobiography-Memoir,3
224424,Adult,3
224424,Own,2
224424,Parenting,2
357173,Nonfiction,64
357173,Autobiography-Memoir,51
357173,Biography,36
357173,Cultural-African American,20
11436,Christian Fiction,279
11436,Christian,147
11436,Fiction,89
11436,Romance,35
3250465,Young Adult,89
3250465,Realistic Fiction,37
3250465,Contemporary,31
3250465,Fiction,22
3250465,Young Adult-Teen,17
541920,History,1044
541920,Nonfiction,383
541920,War-World War II,196
541920,Military-Military History,194
541920,War,173
541920,War-Military Fiction,168
21420175,Romance,47
21420175,Contemporary,20
21420175,Romance-Contemporary Romance,15
21420175,New Adult,9
763489,Fantasy,169
763489,Classics,66
763489,Childrens,66
763489,Fiction,51
763489,Young Adult,23
112080,Historical-Historical Fiction,388
112080,Historical,123
112080,Fiction,112
112080,Cultural-Scotland,30
112080,Adventure,20
160,Classics,21
160,Fiction,11
160,Literature,6
160,Literature-Russian Literature,4
160,Cultural-Russia,2
89716,Historical-Historical Fiction,957
89716,Young Adult,462
89716,Fiction,317
89716,Historical,170
89716,Childrens,170
21420189,Romance,38
21420189,Romance-Contemporary Romance,15
21420189,Contemporary,14
21420189,New Adult,8
105999,Childrens,359
105999,Fiction,343
105999,Realistic Fiction,192
105999,Young Adult,184
105999,Childrens-Middle Grade,169
34303,Fiction,233
34303,Womens Fiction-Chick Lit,68
34303,Cultural-Ireland,54
34303,Romance,46
2350129,Religion,191
2350129,Christianity-Lds,138
2350129,Religion-Church,72
2350129,Nonfiction,62
2350129,Spirituality,20
2350129,Inspirational,15
2350129,Reference,14
2350129,Lds-Mormonism,11
2350129,Christian,11
2350129,Lds-Lds Non Fiction,9
66692,Fantasy,2315
66692,Dungeons and Dragons-Forgotten Realms,556
66692,Fiction,212
328064,Fiction,76
328064,Historical-Historical Fiction,38
328064,Classics,36
328064,Young Adult-Coming Of Age,23
328064,Young Adult,20
328064,Humor,12
328064,War-World War II,10
328064,Literature,10
328064,Novels,8
328064,Book Club,6
338131,Fantasy,492
338131,LGBT,82
338131,Romance-M M Romance,40
338131,Romance,36
338131,Fiction,36
338131,GLBT-Queer,27
381364,Fiction,150
381364,Classics,110
381364,Literature-American,32
381364,Novels,20
6397351,Science Fiction,94
6397351,Fiction,70
6397351,Thriller,21
2781819,Fantasy,412
2781819,Fantasy-Paranormal,49
2781819,Fiction,49
2781819,Paranormal-Witches,47
2781819,Fantasy-Magic,41
33484,Fantasy,312
33484,Fiction,46
33484,Heroic Fantasy-Sword and Sorcery,40
33484,Pulp,26
33484,Adventure,24
362888,Fantasy,138
362888,Fiction,12
362888,Romance,8
6941324,Romance-Paranormal Romance,186
6941324,Fantasy-Paranormal,163
6941324,Paranormal-Vampires,100
6941324,Romance,92
6941324,Fantasy,38
6941324,Shapeshifters-Werewolves,34
6941324,Paranormal-Shapeshifters,30
6941324,Fantasy-Urban Fantasy,24
6941324,Paranormal-Demons,19
6941324,Adult,16
7871086,Romance,161
7871086,Fantasy,131
7871086,Fantasy-Mythology,86
7871086,Romance-Paranormal Romance,55
7871086,Fantasy-Paranormal,45
7696504,Short Stories,339
7696504,Fiction,163
7696504,Contemporary,25
7696504,Literary Fiction,12
7696504,Adult Fiction,11
7696504,Historical-Historical Fiction,8
7696504,Literature,7
7696504,Novels,6
7696504,Science Fiction,6
7696504,Adult,4
765811,Fiction,378
765811,Short Stories,130
765811,Cultural-African American,95
765811,Historical-Historical Fiction,76
765811,Classics,75
765811,Contemporary,35
3212912,Fiction,116
3212912,Fantasy,94
3212912,Cultural-Russia,64
3212912,Literature-Russian Literature,23
3212912,Fantasy-Urban Fantasy,20
3212912,Fantasy-Paranormal,18
2972472,Romance-Paranormal Romance,377
2972472,Fantasy-Paranormal,360
2972472,Paranormal-Vampires,347
2972472,Romance,331
2972472,Fantasy,93
692871,Fiction,28
692871,Cultural-Australia,8
692871,Classics,6
6273,Poetry,414
6273,Classics,37
6273,War-World War I,34
6273,War,33
6273,Fiction,12
169875,Fantasy,837
169875,Young Adult,704
169875,Fiction,316
169875,Fantasy-Dragons,214
169875,Childrens,185
169875,Fantasy-Magic,162
169875,Childrens-Middle Grade,155
169875,Adventure,132
169875,Fantasy-Fairy Tales,127
169875,Humor,108
7789265,Thriller,198
7789265,Mystery-Crime,48
7789265,European Literature-German Literature,34
781132,Young Adult,110
781132,Romance,70
781132,Womens Fiction-Chick Lit,41
781132,Contemporary,31
781132,Sports-Sports,21
12864154,Romance,22
12864154,Fiction,12
12864154,Contemporary,8
12864154,Romance-Contemporary Romance,4
46180,Novels,6
46180,European Literature-Spanish Literature,6
46180,Fiction,6
46180,Literature,4
46180,Classics,3
46180,Cultural-Latin American,3
11402993,Young Adult,5
11402993,Sociology-Abuse,3
11402993,Inspirational,2
9874196,Science Fiction-Steampunk,420
9874196,Fantasy,237
9874196,Science Fiction,82
9874196,Fiction,67
9874196,Young Adult,43
5659537,Fantasy,1283
5659537,Romance,201
5659537,Fiction,143
5659537,Fantasy-Epic Fantasy,60
11792612,Nonfiction,59
11792612,Biography,20
11792612,Music,12
11792612,Biography-Autobiography,8
11792612,Love,7
11792612,Autobiography-Memoir,6
11792612,Childrens,4
11792612,Humor,3
11792612,Contemporary,2
129909,Psychology,560
129909,Nonfiction,454
129909,Health-Mental Health,81
129909,Science,75
129909,Social Science-Social Work,73
129909,Parenting,60
129909,Education,41
129909,Psychology-Counselling,36
129909,Mental Health-Mental Illness,24
129909,Medical,23
895886,Classics,184
895886,Animals,113
895886,Fiction,100
895886,Childrens,83
457841,Nonfiction,104
457841,Cultural-Africa,86
457841,Autobiography-Memoir,61
457841,Biography,28
457841,Feminism,24
6371720,Fantasy,90
6371720,Fiction,34
6371720,Childrens-Middle Grade,31
6371720,Mystery,29
6371720,Young Adult,28
6371720,Adventure,28
6371720,Comics-Superheroes,24
6371720,Childrens,20
6371720,Childrens-Juvenile,16
6371720,Science Fiction,14
14288454,Fantasy-Paranormal,2
16283548,Nonfiction,76
16283548,Religion-Buddhism,65
16283548,Spirituality,40
16283548,Philosophy,24
16283548,Self Help,24
9655178,Young Adult,50
9655178,Adventure,26
9655178,Mystery,23
9655178,Fiction,23
9655178,Christian Fiction,16
384579,Science Fiction,383
384579,Fiction,95
6419,Mystery,1046
6419,Fiction,377
6419,Humor,296
6419,Womens Fiction-Chick Lit,249
6419,Romance,227
6419,Humor-Comedy,98
6419,Mystery-Crime,94
6419,Contemporary,80
6419,Thriller-Mystery Thriller,64
6419,Adult,60
16049402,Romance,2
3993839,Horror,783
3993839,Horror-Zombies,731
3993839,Thriller,338
3993839,Fiction,297
3993839,Science Fiction,193
8951449,Horror-Zombies,569
8951449,Young Adult,381
8951449,Science Fiction-Dystopia,206
8951449,Horror,179
8951449,Fantasy-Paranormal,155
6318413,Young Adult,242
6318413,Contemporary,71
6318413,Romance,69
6318413,Realistic Fiction,58
6318413,Young Adult-Teen,57
6318413,Humor,55
6318413,Fiction,40
6318413,Young Adult-High School,27
6318413,Pop Culture-Nerd,13
6318413,Womens Fiction-Chick Lit,13
11455154,Fantasy-Urban Fantasy,63
11455154,Paranormal-Vampires,48
11455154,Fantasy-Paranormal,31
11455154,Romance-Paranormal Romance,25
11455154,Romance,19
11455154,Fantasy,17
2054504,Fiction,150
2054504,Historical-Historical Fiction,92
2054504,Historical,38
2054504,Romance,30
2054504,European Literature-British Literature,24
953773,History,107
953773,Politics,99
953773,Nonfiction,47
953773,Philosophy,37
953773,Cultural-Russia,28
13524900,Romance,383
13524900,Romance-Contemporary Romance,198
13524900,Contemporary,179
13524900,Adult Fiction-Erotica,91
13524900,Adult,80
13524900,New Adult,77
13097681,Young Adult,87
13097681,Fantasy-Paranormal,87
13097681,Fantasy,47
13097681,Romance,42
13097681,Romance-Paranormal Romance,27
12509045,European Literature-Czech Literature,2
311196,Romance,917
311196,Historical-Historical Fiction,590
311196,Romance-Historical Romance,417
311196,Historical,341
311196,Historical-Regency,335
311196,Fiction,272
527495,Nonfiction,240
527495,Biography,221
527495,Classics,157
527495,Autobiography-Memoir,125
27817191,Spirituality,6
27817191,Self Help,4
27817191,Nonfiction,2
13153400,Sequential Art-Manga,528
13153400,Romance,60
13153400,Sequential Art-Graphic Novels,52
13153400,Fiction,27
13153400,Contemporary,26
13153400,Young Adult,23
12384681,Romance-M M Romance,744
12384681,Romance,300
12384681,Contemporary,174
12384681,Mystery,163
27550,Nonfiction,105
27550,History,105
27550,Autobiography-Memoir,82
27550,Biography,58
27550,Politics,40
10718998,History,2
73906,Fantasy,1235
73906,Fiction,289
73906,Historical-Historical Fiction,230
73906,Mythology-Arthurian,225
73906,Fantasy-Mythology,77
11549777,Fantasy-Paranormal,163
11549777,Young Adult,126
11549777,Paranormal-Vampires,119
11549777,Fantasy,107
11549777,Romance,72
11549777,Fantasy-Magic,37
11549777,Romance-Paranormal Romance,34
11549777,Fantasy-Urban Fantasy,30
11549777,Fantasy-Supernatural,29
11549777,Paranormal-Witches,29
5557442,Novels,67
25193,Fiction,111
25193,Cultural-Japan,105
25193,Asian Literature-Japanese Literature,89
25193,Literature,24
2961481,Poetry,8
5045718,Horror,20
5045718,Fiction,16
5045718,Science Fiction,9
5045718,Classics,9
5045718,European Literature-Serbian Literature,7
18308787,Romance,19
18308787,Novels,6
18308787,Asian Literature-Indonesian Literature,5
15724908,Fantasy-Mythology,276
15724908,Fantasy,197
15724908,Young Adult,147
15724908,Romance,123
15724908,Mythology-Greek Mythology,96
15724908,Fantasy-Paranormal,60
5082616,Fiction,61
5082616,Womens Fiction-Chick Lit,29
5082616,Romance,19
18487180,Romance-M M Romance,348
18487180,Romance,111
18487180,Contemporary,110
18487180,Sociology-Abuse,93
18487180,Dark,52
18487180,LGBT,43
18487180,Romance-Contemporary Romance,27
18487180,Disability,22
18487180,LGBT-Gay,19
18487180,Adult,18
3173438,Childrens-Middle Grade,79
3173438,Fiction,56
3173438,Young Adult,44
3173438,Childrens,43
18104749,Historical-Historical Fiction,234
18104749,Young Adult,88
18104749,Fiction,67
18104749,War,66
18104749,Historical,50
18104749,Childrens-Middle Grade,43
6582080,Fantasy,443
6582080,Young Adult,100
6582080,Fiction,95
6582080,Adventure,74
18129599,Fantasy,126
18129599,Young Adult,64
18129599,Romance,38
18129599,Fantasy-Paranormal,31
18129599,Fantasy-Magic,26
18129599,Fairies-Fae,25
21468450,Romance,104
21468450,Contemporary,38
21468450,Romance-Contemporary Romance,37
12578294,Young Adult,551
12578294,Fantasy-Paranormal,291
12578294,Fantasy,239
12578294,Science Fiction,151
18310201,Fiction,323
18310201,Art,46
18310201,Contemporary,43
18310201,Literary Fiction,41
7646410,Religion,12
7646410,Religion-Islam,7
7646410,Nonfiction,4
7646410,Academic-School,3
7646410,Spirituality,2
16122643,Romance,401
16122643,Adult Fiction-Erotica,191
16122643,Romance-Contemporary Romance,132
16122643,Contemporary,93
30843,Fiction,161
30843,Cultural-India,148
30843,Asian Literature-Indian Literature,45
30843,Historical-Historical Fiction,44
30843,Fantasy-Mythology,25
30843,Humor,20
30843,Politics,16
30843,Unfinished,12
30843,Literature,10
30843,Novels,10
18858489,Nonfiction,131
18858489,Autobiography-Memoir,59
18858489,Crime-True Crime,42
293602,Fiction,37
293602,Contemporary,13
293602,Roman,7
18105451,Fantasy,672
18105451,Young Adult,388
18105451,Romance,173
18105451,Fantasy-Paranormal,123
7097866,Fantasy-Urban Fantasy,270
7097866,Fantasy,119
7097866,Fantasy-Paranormal,67
7097866,Mystery,40
22466924,Young Adult,5
22466924,Romance,5
18188319,Romance-M M Romance,166
18188319,Young Adult,46
18188319,Romance,46
13608133,Fantasy-Urban Fantasy,302
13608133,Fantasy,286
13608133,Fantasy-Paranormal,73
13608133,Fantasy-Magic,68
13608133,Fiction,37
13608133,Fantasy-Supernatural,23
13608133,Urban,18
13608133,Paranormal-Vampires,17
13608133,Mystery,16
13608133,Action,15
101191,Fiction,227
101191,Classics,35
101191,Novels,20
101191,Culture-Film,17
22088616,Horror,4
22088616,Fiction,3
43691,Fiction,373
43691,Historical-Historical Fiction,280
43691,European Literature-Irish Literature,57
3084415,Thriller,119
3084415,Fiction,83
3084415,Mystery,57
3084415,Adventure,34
3084415,Action,22
6520376,Historical-Historical Fiction,56
6520376,Young Adult,39
6520376,Adventure,33
6520376,Fantasy,31
6520376,Historical,29
6520376,Cultural-Japan,18
9628203,Fiction,140
9628203,Animals,68
9628203,Animals-Dogs,18
6276276,Fiction,178
6276276,Historical-Historical Fiction,131
6276276,Cultural-Canada,70
6276276,Magical Realism,43
44323,Fantasy,345
44323,Young Adult,285
44323,Fantasy-Fairy Tales,227
44323,Short Stories,199
44323,Fiction,137
44323,Retellings,88
15843041,Business,217
15843041,Nonfiction,142
15843041,Self Help,62
15843041,Self Help-Personal Development,40
15843041,Leadership,22
15843041,Business-Entrepreneurship,18
15843041,Psychology,17
15843041,Art,16
15843041,Audiobook,15
15843041,Productivity,12
22915011,Economics-Finance,8
22915011,Finance-Personal Finance,3
22915011,Nonfiction,2
22915011,Business,2
22915011,Currency-Money,2
13432143,Fantasy-Paranormal,8
13432143,Contemporary,7
13432143,Fantasy,6
13432143,Young Adult,6
24002318,Fantasy-Paranormal,457
24002318,Romance-Paranormal Romance,451
24002318,Romance,364
24002318,Fantasy,212
24002318,Paranormal-Vampires,191
24002318,Paranormal-Demons,120
21853636,Young Adult,1004
21853636,Contemporary,705
21853636,Mystery,245
21853636,Fiction,230
21853636,Realistic Fiction,182
21853636,Sociology-Abuse,112
21853636,Feminism,79
21853636,Young Adult-Young Adult Contemporary,59
21853636,Young Adult-Teen,56
21853636,Thriller,56
546255,Mystery,270
546255,Young Adult,167
546255,Fiction,155
546255,Childrens,133
10187223,Fiction,321
10187223,Contemporary,67
10187223,Literary Fiction,45
10187223,Novels,36
129877,Fiction,214
129877,Cultural-India,135
129877,Asian Literature-Indian Literature,70
129877,Classics,64
26153423,Epic,2
20649195,Young Adult,303
20649195,Contemporary,174
20649195,LGBT,91
20649195,Fiction,77
20649195,Science Fiction,71
20649195,Realistic Fiction,38
20649195,Fantasy,37
20649195,Young Adult-Young Adult Contemporary,24
20649195,Disability,23
20649195,Romance,21
18774919,Sequential Art-Manga,795
18774919,Fantasy,78
18774919,Paranormal-Vampires,56
18774919,Sequential Art-Graphic Novels,40
22046891,Romance,124
22046891,Science Fiction,79
22046891,Romance-Paranormal Romance,79
22046891,Fantasy,65
22046891,Fantasy-Paranormal,58
6344832,Mystery,841
6344832,Fantasy-Paranormal,456
6344832,Fantasy,254
6344832,Fantasy-Urban Fantasy,209
6344832,Fiction,179
6344832,Fantasy-Supernatural,117
6344832,Romance,86
6344832,Mystery-Crime,62
6344832,Adult,49
6344832,Romance-Paranormal Romance,48
23299513,Fantasy,1448
23299513,Young Adult,728
23299513,Retellings,482
23299513,Romance,320
23299513,Fantasy-Fairy Tales,196
2161966,Science,428
2161966,Science-Physics,178
2161966,Nonfiction,142
2161966,Science-Astronomy,35
2161966,Science-Popular Science,21
1364772,Nonfiction,96
1364772,LGBT,84
1364772,Autobiography-Memoir,40
1364772,Biography,34
1364772,LGBT-Gay,33
30558257,Fantasy,560
30558257,Fiction,51
30558257,Young Adult,37
30558257,Fantasy-Magic,30
26085520,Fantasy,323
26085520,Young Adult,226
26085520,Retellings,225
26085520,Science Fiction-Steampunk,140
19161872,Nonfiction,437
19161872,Biography,194
19161872,Autobiography-Memoir,168
19161872,Biography-Autobiography,57
19161872,Feminism,50
19161872,Childrens-Middle Grade,46
19161872,Biography Memoir,37
19161872,Audiobook,35
19161872,Education,32
19161872,Cultural-Pakistan,28
2624112,Fiction,24
2624112,Cultural-Brazil,9
23533039,Science Fiction,1384
23533039,Fiction,420
23533039,Space-Space Opera,237
24382227,Historical-Historical Fiction,558
24382227,Young Adult,364
24382227,Mystery,189
24382227,Fiction,144
24382227,Historical,107
18674889,Classics,90
18674889,Mystery,70
18674889,Fiction,41
28480416,Adult Fiction-Erotica,3
31349426,Contemporary,2
31349426,Romance-Contemporary Romance,2
31349426,Adult Fiction-Erotica,2
10589240,Travel,6
10589240,Inspirational,6
10589240,Adventure,5
29496453,Nonfiction,720
29496453,Self Help,261
29496453,Spirituality,252
29496453,Philosophy,246
29496453,Religion,150
29496453,Religion-Buddhism,100
29496453,Audiobook,95
29496453,Psychology,88
29496453,Inspirational,67
29496453,Self Help-Personal Development,65
26245853,Mystery,498
26245853,Fiction,372
26245853,Thriller,303
26245853,Mystery-Crime,120
26245853,Thriller-Mystery Thriller,109
26245853,Suspense,109
26245853,Audiobook,99
26245853,Mystery-Detective,44
26245853,Action,26
26245853,Mystery-Murder Mystery,22
77040,Historical-Historical Fiction,468
77040,Fiction,268
77040,Adventure,98
77040,Historical,92
77040,Classics,59
11166,Fiction,332
11166,Historical-Historical Fiction,240
11166,World War II-Holocaust,156
11166,Classics,141
11166,Historical,86
13630171,Fantasy,1576
13630171,Fiction,120
13630171,Fantasy-Epic Fantasy,120
13630171,Fantasy-Magic,58
40039708,Romance,5
40039708,New Adult,5
40039708,Fiction,5
40039708,Contemporary,5
40039708,Adult,5
40039708,Young Adult,4
26312997,Psychology,402
26312997,Nonfiction,366
26312997,Self Help,252
26312997,Science,153
26312997,Business,115
26312997,Self Help-Personal Development,95
26312997,Productivity,75
26312997,Education,52
26312997,Leadership,21
26312997,Audiobook,18
46038451,New Adult,42
46038451,Romance,38
46038451,Womens Fiction-Chick Lit,20
46038451,Contemporary,15
46038451,Romance-Contemporary Romance,5
40548354,Fantasy,6
36389267,Contemporary,305
36389267,Young Adult,222
36389267,Romance,78
25334576,Poetry,821
25334576,Fiction,686
25334576,Magical Realism,210
25334576,Contemporary,179
34684622,Biography,1882
34684622,Nonfiction,1117
34684622,History,950
34684622,Art,408
34684622,Science,235
43191440,Fiction,2
19523454,Fiction,293
19523454,Humor,52
19523454,Contemporary,47
32618967,History,510
32618967,Nonfiction,298
32618967,Cultural-India,167
32618967,Politics,62
32618967,Historical,26
857333,Nonfiction,325
857333,Self Help,254
857333,Psychology,178
857333,Self Help-Personal Development,125
50196744,Nonfiction,1239
50196744,Autobiography-Memoir,964
50196744,Feminism,337
50196744,Audiobook,251
41081373,Fiction,1128
41081373,Feminism,358
41081373,Contemporary,315
41081373,Short Stories,190
41081373,Literary Fiction,179
41081373,LGBT,135
41081373,Race,101
41081373,Womens,83
41081373,Audiobook,81
41081373,Novels,67
43521657,Fantasy,2978
43521657,Historical-Historical Fiction,898
43521657,Fiction,824
43521657,Young Adult,481
43521657,Historical,265
28165571,History,61
28165571,Sociology,50
28165571,Nonfiction,35
28165571,Economics,31
28165571,Politics,30
28165571,Political Science-International Relations,9
12465812,Politics,25
12465812,Nonfiction,4
40116691,Fiction,36
40116691,Thriller,34
40116691,Mystery,27
40116691,Suspense,18
40116691,Thriller-Mystery Thriller,14
22774,Womens Fiction-Chick Lit,116
22774,Fiction,16
22774,Romance,12
22774,Adult,7
25810500,Short Stories,1198
25810500,Fiction,635
25810500,Magical Realism,283
25810500,Fantasy,225
25810500,Adult,59
25810500,Literary Fiction,56
25810500,Contemporary,51
25810500,LGBT,46
25810500,Adult Fiction,45
25810500,Anthologies,28
21250772,Contemporary,5
16103997,Poetry,16
31952703,Young Adult,968
31952703,Contemporary,688
31952703,Romance,617
31952703,Fiction,227
31952703,Realistic Fiction,125
31952703,Writing-Books About Books,121
31952703,Young Adult-Young Adult Contemporary,94
31952703,Audiobook,70
31952703,Family,65
31952703,Cultural-Australia,54
381072,Fantasy,106
381072,Young Adult,59
381072,Adventure-Pirates,30
381072,Retellings,23
262545,Fiction,382
262545,Historical-Historical Fiction,306
262545,Westerns,45
262545,Young Adult-Coming Of Age,39
153418,Fiction,95
153418,Contemporary,19
303073,Young Adult,53
303073,Science Fiction,49
303073,Mystery,26
303073,Fiction,23
303073,Adventure,17
26482,Young Adult,118
26482,Fiction,105
26482,Childrens,70
26482,Animals,66
26482,Childrens-Middle Grade,54
57901,Fiction,138
57901,Travel,66
57901,Classics,46
57901,Literature-American,29
634407,Mystery,840
634407,Mystery-Crime,611
634407,Fiction,457
634407,Cultural-Scotland,180
634407,Thriller,140
102142,Fiction,110
102142,LGBT,44
102142,Food and Drink-Food,25
102142,LGBT-Gay,17
102142,Mystery,15
281152,Historical-Historical Fiction,19
281152,Fiction,8
281152,Historical,5
281152,Literature-19th Century,3
762504,Young Adult,22
762504,Fantasy-Paranormal,8
762504,Fantasy,6
762504,Horror,5
762504,Contemporary,3
762504,Realistic Fiction,3
762504,Suspense,2
762504,Childrens-Middle Grade,2
762504,Childrens,2
762504,Mystery,2
74462,Fiction,433
74462,Cultural-Canada,147
1720099,Paranormal-Vampires,127
1720099,Young Adult,124
1720099,Fantasy-Paranormal,74
1720099,Fantasy,48
1720099,Romance,26
2781816,Fantasy,258
2781816,Fiction,30
2781816,Paranormal-Witches,27
2781816,Fantasy-Paranormal,25
76758,Mystery,170
76758,Fiction,76
76758,Mystery-Crime,74
76758,Mystery-Detective,23
6313326,Fantasy-Paranormal,33
6313326,Paranormal-Angels,30
6313326,Young Adult,28
6313326,Fantasy,18
6313326,Romance,12
6313326,Romance-Paranormal Romance,11
394228,Mystery,777
394228,Fiction,171
394228,Mystery-Crime,137
394228,Thriller-Mystery Thriller,45
6289558,Fantasy,29
6289558,Paranormal-Vampires,19
6289558,Young Adult,18
6289558,Romance,9
6289558,Fantasy-Urban Fantasy,7
6289558,European Literature-German Literature,4
6289558,Love,2
6289558,Romance-Paranormal Romance,2
6289558,Fantasy-Paranormal,2
123106,Young Adult,1004
123106,Realistic Fiction,289
123106,Fiction,265
123106,Contemporary,226
123106,Young Adult-Teen,129
3788,Childrens,31
3788,Fiction,23
3788,Young Adult,12
3788,Historical,11
50804,Young Adult,58
50804,Mystery,25
50804,Fiction,20
50804,Realistic Fiction,18
50804,Thriller,8
73932,Fantasy,889
73932,Fiction,183
73932,Historical-Historical Fiction,60
73932,Christian Fiction,48
324748,Business,742
324748,Nonfiction,425
324748,Self Help,316
324748,Self Help-Personal Development,115
324748,Psychology,110
324748,Leadership,80
324748,Business-Entrepreneurship,52
324748,Productivity,49
324748,Buisness,36
324748,Philosophy,21
1099648,Fiction,43
1099648,Classics,37
1099648,Cultural-Brazil,26
605015,Horror,403
605015,Fiction,146
605015,Thriller,103
605015,Fantasy,95
10810038,Poetry,99
144538,Historical-Historical Fiction,152
144538,Fiction,100
144538,Cultural-China,67
144538,Historical,25
144538,Cultural-Asia,25
6578507,Historical-Historical Fiction,1084
6578507,Fiction,719
6578507,Historical,209
6578507,War-World War II,167
6578507,War,130
647579,Religion-Buddhism,84
647579,Nonfiction,48
647579,Self Help,36
647579,Spirituality,35
647579,Philosophy,28
647579,Religion,19
300044,Young Adult,276
300044,Science Fiction-Dystopia,118
300044,Fiction,110
300044,Romance,77
300044,Fantasy,30
300044,Science Fiction,29
300044,Childrens,27
300044,Contemporary,25
300044,Young Adult-Teen,22
300044,Family,14
838668,Mystery,171
838668,Fiction,159
838668,Historical-Historical Fiction,102
838668,Mystery-Crime,65
838668,Historical,57
838668,Humor,51
108980,Childrens,155
108980,Realistic Fiction,108
108980,Fiction,97
108980,Childrens-Chapter Books,82
108980,Childrens-Juvenile,50
108980,Childrens-Middle Grade,49
108980,Humor,40
108980,Childrens-2nd Grade,19
108980,Kids,18
108980,Contemporary,14
1207980,History,397
1207980,Nonfiction,248
1207980,War,181
1207980,War-Military Fiction,154
1207980,War-World War II,130
1207980,Biography,115
1207980,Military-Military History,85
108979,Childrens,40
108979,Fiction,37
108979,Childrens-Chapter Books,36
108979,Realistic Fiction,17
108979,Childrens-Juvenile,11
108979,Childrens-Middle Grade,10
108979,Childrens-1st Grade,9
108979,Childrens-2nd Grade,8
108979,Humor,7
108979,Paranormal-Ghosts,7
7824997,Mystery,452
7824997,Fiction,286
7824997,Young Adult,284
7824997,Childrens-Middle Grade,104
7824997,Mystery-Crime,94
7824997,Thriller,81
7824997,Childrens,73
7824997,Realistic Fiction,62
7824997,Thriller-Legal Thriller,53
7824997,Childrens-Juvenile,43
10720733,Mystery,279
10720733,Young Adult,158
10720733,Fiction,151
10720733,Mystery-Crime,59
104069,Fantasy,225
104069,Fiction,27
104069,Adventure,12
104069,Classics,9
6853895,Religion,2
10801027,Young Adult,340
10801027,Romance,292
10801027,Contemporary,163
10801027,Womens Fiction-Chick Lit,78
10801027,New Adult,73
10801027,Romance-Contemporary Romance,67
6495228,Romance,78
6495228,Historical-Historical Fiction,52
6495228,Fiction,37
6495228,Historical,32
6495228,Historical-Regency,27
6495228,Romance-Historical Romance,25
6495228,Adult,9
6495228,Retellings,7
6495228,Womens Fiction-Chick Lit,7
6495228,European Literature-British Literature,5
161788,Childrens-Picture Books,134
161788,Childrens,131
161788,Fiction,55
227462,Fiction,124
227462,Thriller,29
227462,Mystery,28
31488,Childrens-Picture Books,54
31488,Childrens,38
31488,Fantasy,16
601219,Historical-Historical Fiction,135
601219,Historical,43
601219,Fiction,36
601219,Romance-Historical Romance,12
601219,Cultural-Italy,7
601219,Academic-School,7
601219,Cultural-Greece,7
601219,Fantasy,6
601219,Novels,5
601219,Adventure,5
7031834,Paranormal-Vampires,293
7031834,Young Adult,278
7031834,Fantasy-Paranormal,156
7031834,Fantasy,156
9068791,Womens Fiction-Chick Lit,28
9068791,Fiction,25
6060130,Historical-Historical Fiction,708
6060130,Fiction,219
6060130,Historical,125
6060130,Cultural-Italy,116
6060130,Religion,49
622855,Fiction,353
622855,Mystery,292
622855,Thriller,113
622855,Spy Thriller-Espionage,102
622855,Mystery-Crime,101
25624,Psychology,61
25624,Nonfiction,39
25624,Short Stories,27
25624,Self Help,19
871,Sequential Art-Manga,2068
871,Fantasy,228
871,Sequential Art-Comics,120
871,Sequential Art-Graphic Novels,108
871,Fiction,66
7224154,Paranormal-Vampires,23
7224154,Young Adult,14
7224154,Fantasy-Paranormal,10
47701,Fantasy,880
47701,Science Fiction,487
47701,Young Adult,486
47701,Fiction,304
9471730,European Literature-Portuguese Literature,8
13448374,Politics,40
13448374,Nonfiction,34
13448374,History,30
13448374,Autobiography-Memoir,15
13424848,Romance,39
13424848,Fiction,22
13424848,Love,16
13424848,Romantic,13
1835150,Poetry,178
1835150,Young Adult,129
1835150,Realistic Fiction,105
1835150,Childrens-Middle Grade,95
1835150,Fiction,83
70884,Poetry,289
70884,Fiction,20
22908,Nonfiction,20
22908,Writing-Essays,14
22908,European Literature-German Literature,11
22908,Classics,11
22908,Biography,8
12989115,Fantasy-Paranormal,108
12989115,Fantasy,105
12989115,Young Adult,88
12989115,Romance,67
5148758,Fiction,184
5148758,Womens Fiction-Chick Lit,85
5148758,American-Southern,36
48503,Nonfiction,363
48503,History,274
48503,Travel,203
48503,Adventure,162
48503,Autobiography-Memoir,67
111388,Christian,193
111388,Religion-Theology,116
111388,Religion-Christianity,106
111388,Religion,102
111388,Nonfiction,95
111388,Religion-Faith,41
2332157,Fantasy-Urban Fantasy,50
2332157,Fantasy-Paranormal,32
2332157,Fantasy,28
2332157,Romance,25
2332157,Paranormal-Angels,21
2332157,Romance-Paranormal Romance,21
888367,Fiction,18
888367,Media Tie In,5
888367,Science Fiction,5
888367,Psychology,3
888367,Fantasy,3
12722,Fiction,596
12722,Classics,485
12722,Historical-Historical Fiction,170
12722,War,127
12722,Literature,112
2437710,Plays,848
2437710,Drama,183
2437710,Plays-Theatre,68
2437710,Fiction,36
6462570,Religion,28
6462570,Politics,26
6462570,History,23
6987527,Thriller,181
6987527,Science Fiction,173
6987527,Fiction,106
6987527,Mystery,36
6987527,Adventure,34
6987527,Action,34
6184241,Fiction,234
6184241,Science Fiction,53
6184241,Novels,16
935676,Christian,52
935676,Leadership,42
935676,Nonfiction,40
935676,Biography,39
935676,Inspirational,27
935676,Autobiography-Memoir,23
935676,Religion-Faith,16
935676,Religion-Christianity,15
935676,Sports-Sports,14
935676,Religion,14
6687176,Young Adult,6
46969,Fiction,93
46969,Classics,34
13222508,Nonfiction,19
13222508,Self Help,15
13222508,Business,10
13222508,Reference,5
11717826,Fantasy,167
11717826,Science Fiction,29
11717826,Fiction,17
11717826,Fantasy-Dark Fantasy,12
11717826,Fantasy-Epic Fantasy,10
6559316,Humor,545
6559316,Fiction,411
6559316,Fantasy,364
6559316,Paranormal-Vampires,302
6559316,Humor-Comedy,137
15757099,Paranormal-Angels,139
15757099,Fantasy-Paranormal,122
15757099,Fantasy,115
15757099,Young Adult,112
15757099,Romance,78
8721183,Horror-Zombies,101
8721183,Horror,91
8721183,Fiction,33
8721183,Apocalyptic-Post Apocalyptic,12
8721183,Science Fiction,11
8441754,Christian,57
8441754,Self Help,21
8441754,Nonfiction,17
8441754,Spirituality,14
8441754,Inspirational,11
8441754,Religion,10
8441754,Religion-Christianity,9
13171072,Fiction,272
13171072,Cultural-Canada,142
13171072,Cultural-Africa,69
13171072,Mystery,45
13171072,Contemporary,35
13171072,Book Club,30
13171072,Western Africa-Nigeria,25
13171072,Mystery-Crime,19
13171072,Suspense,17
13171072,Literary Fiction,13
17206996,Romance,331
17206996,Adult Fiction-Erotica,213
17206996,Contemporary,168
17206996,Romance-Contemporary Romance,160
17206996,Adult,76
17206996,Romance-Erotic Romance,67
10331050,Fantasy-Urban Fantasy,279
10331050,Fantasy,158
10331050,Paranormal-Demons,101
10331050,Fantasy-Paranormal,82
10331050,Fantasy-Magic,55
10331050,Romance,48
10331050,Romance-Paranormal Romance,39
676,Poetry,1609
676,Nonfiction,23
36613718,Fantasy,683
36613718,Historical-Historical Fiction,522
36613718,Young Adult,352
36613718,Historical,194
13159887,Romance-M M Romance,237
13159887,War-Military Fiction,177
13159887,Contemporary,90
13159887,Romance,89
13159887,LGBT-Gay,25
13159887,Romance-Contemporary Romance,19
13159887,LGBT,17
13159887,Fiction,12
13159887,Action,11
13159887,Humor,9
18239142,Young Adult,16
18239142,Fantasy,16
18239142,Shapeshifters-Werewolves,12
2530392,War-World War I,5
2530392,Historical-Historical Fiction,4
2530392,Romance-Historical Romance,2
18124599,Christian Fiction,12
18124599,Contemporary,6
18124599,Christian,6
18124599,Fiction,6
18124599,Womens Fiction-Chick Lit,4
18124599,Romance,4
17140887,Christian Fiction,20
17140887,Christian,15
17140887,Romance,10
17140887,Contemporary,8
17140887,Fiction,8
17140887,Womens Fiction-Chick Lit,7
17140887,Young Adult,6
17140887,Realistic Fiction,2
17140887,Romance-Christian Romance,2
17140887,Inspirational,2
6893384,Category Romance-Love Inspired,15
6893384,Christian Fiction,12
6893384,Historical,9
6893384,Romance,8
6893384,Romance-Historical Romance,8
6893384,Love Inspired-Love Inspired Historical,7
6893384,Christian,6
6893384,Historical-Historical Fiction,6
18362208,Romance,43
18362208,Adult Fiction-Erotica,30
18362208,Contemporary,18
18362208,Romance-Erotic Romance,13
18362208,Romance-Contemporary Romance,13
17453516,Romance-M M Romance,56
17453516,Erotica-BDSM,31
17453516,Romance,28
17453516,Adult Fiction-Erotica,21
17453516,Contemporary,13
17453516,Romance-Contemporary Romance,11
17453516,LGBT,7
17453516,Fiction,7
17453516,Adult,7
17453516,Romance-Erotic Romance,7
6348484,Poetry,63
6348484,Literature,6
6348484,Classics,4
6348484,Nonfiction,3
6348484,Love,2
13059477,Romance,167
13059477,Science Fiction-Time Travel,145
13059477,Historical-Historical Fiction,133
13059477,Fiction,111
13059477,Womens Fiction-Chick Lit,53
13059477,Fantasy,46
13059477,Historical,34
13059477,Romance-Contemporary Romance,25
13059477,Romance-Historical Romance,24
13059477,Adult,21
17349023,Fiction,693
17349023,Contemporary,89
17349023,Audiobook,80
40884817,Thriller,378
40884817,Mystery,378
40884817,Fiction,274
40884817,Mystery-Crime,99
17978443,Fiction,277
17978443,Humor,79
17978443,Historical-Historical Fiction,70
17978443,Audiobook,56
25419982,Mystery,3
12987986,Young Adult,288
12987986,Adventure-Survival,147
12987986,Realistic Fiction,125
12987986,Adventure,98
12987986,Fiction,83
12987986,Contemporary,65
12987986,Childrens-Middle Grade,29
12987986,Young Adult-Teen,27
12987986,Suspense,24
12987986,Action,24
8035987,Plays,150
8035987,Drama,34
8035987,Plays-Theatre,29
8035987,Music-Musicals,21
8035987,Fiction,15
351021,Fantasy,100
351021,Fiction,67
351021,Mystery,56
351021,Paranormal-Witches,48
351021,Fantasy-Paranormal,39
351021,Romance,21
563362,Romance,9
563362,European Literature-Spanish Literature,4
497834,Religion,13
33230173,Fantasy,545
33230173,Romance,371
33230173,LGBT,276
33230173,Romance-M M Romance,241
33230173,Short Stories,241
11323484,Thriller,114
11323484,Mystery-Crime,20
13608643,Historical-Historical Fiction,38
13608643,Fiction,11
13608643,Romance,9
13608643,World War II-Holocaust,7
13608643,Historical,7
16401102,Romance,70
16401102,New Adult,43
16401102,Young Adult,35
16401102,Young Adult-High School,25
4736889,Fantasy,70
4736889,Young Adult,31
4736889,European Literature-Spanish Literature,18
4736889,Fantasy-Paranormal,6
4736889,Paranormal-Angels,6
4736889,Romance,4
4736889,Adventure,3
4736889,Fantasy-High Fantasy,3
4736889,Novels,3
4736889,Fiction,3
18218630,Fiction,408
18218630,Cultural-Ireland,83
18218630,Contemporary,83
18218630,Literary Fiction,74
18218630,European Literature-Irish Literature,60
13455542,Young Adult,249
13455542,Mystery,144
13455542,Thriller,115
13455542,Science Fiction,75
22594750,Business,20
22594750,Leadership,11
22594750,Business-Management,4
22594750,Self Help,4
22594750,Nonfiction,2
14291975,Christian Fiction,44
14291975,Christian,20
14291975,Inspirational,9
14291975,Fiction,9
14291975,Contemporary,9
23650217,Fiction,13
23650217,Romance,7
23650217,Asian Literature-Indian Literature,4
22044543,Womens Fiction-Chick Lit,82
22044543,Fiction,39
22044543,Romance,37
22044543,Humor,26
22044543,Contemporary,18
35187179,Poetry,395
35187179,Classics,95
35187179,Religion,72
35187179,Philosophy,65
35187179,Religion-Islam,52
35187179,Fiction,47
35187179,Literature,45
4600787,Nonfiction,96
4600787,History,69
4600787,World War II-Holocaust,44
4600787,Autobiography-Memoir,35
4600787,Biography,34
4600787,War-World War II,32
4600787,Cultural-France,26
24981611,Novels,61
97030,Business,204
97030,Nonfiction,184
97030,Psychology,151
97030,Self Help,107
97030,Business-Management,49
97030,Self Help-Personal Development,47
15993255,Nonfiction,54
22587134,Romance,3
22587134,Romance-Contemporary Romance,3
22587134,New Adult,2
123667,Cultural-Russia,44
123667,Classics,27
123667,Literature-Russian Literature,27
123667,Literature,10
22698031,Young Adult,25
22698031,Science Fiction-Dystopia,21
22698031,Science Fiction,15
22698031,Fantasy,9
22698031,Romance,8
22698031,Fiction,8
22698031,Childrens,4
22698031,Short Stories,4
22698031,Adventure,4
22698031,Literature-English Literature,2
780344,Historical-Historical Fiction,67
780344,Fiction,31
780344,Historical,15
780344,European Literature-Finnish Literature,12
780344,Classics,8
11280184,Contemporary,3
11280184,European Literature-German Literature,3
23434061,Thriller,198
23434061,Fiction,156
23434061,Adventure,98
23434061,Mystery,75
23434061,Action,48
2445973,Historical-Historical Fiction,330
2445973,Fiction,60
2445973,Historical,59
26252659,Romance,802
26252659,Contemporary,334
26252659,Romance-Contemporary Romance,332
26252659,Humor,128
26252659,Adult,119
26252659,New Adult,100
26252659,Adult Fiction-Erotica,99
26252659,Audiobook,72
26252659,Womens Fiction-Chick Lit,71
26252659,Fiction,53
26309016,New Adult,75
26309016,Fiction,20
26309016,Fantasy,16
26309016,Romance,4
26309016,Young Adult,4
26309016,Fantasy-Magic,3
26309016,Fantasy-Paranormal,2
276859,Classics,58
276859,European Literature-Spanish Literature,37
276859,Fiction,22
276859,Cultural-Spain,17
17783163,Christian Fiction,15
17783163,Christian,8
17783163,Fiction,5
17783163,Womens Fiction-Chick Lit,5
17783163,Contemporary,4
24849422,Young Adult,136
24849422,Contemporary,77
24849422,Realistic Fiction,52
24849422,Fiction,38
24849422,Romance,16
24849422,Young Adult-High School,11
24849422,Audiobook,8
24849422,Family,8
24849422,Health-Mental Health,7
24849422,Young Adult-Young Adult Contemporary,7
21981841,Romance,657
21981841,New Adult,564
21981841,Dark,552
21981841,Contemporary,252
21981841,Romance-Contemporary Romance,155
21981841,Academic-College,148
21981841,Adult Fiction-Erotica,121
21981841,Suspense,114
21981841,Adult,81
21981841,Sociology-Abuse,66
26008216,Romance-Contemporary Romance,4
26008216,Romance,3
26008216,Adult Fiction,2
455525,Religion-Theology,30
455525,Philosophy,24
455525,Christian,8
455525,Nonfiction,4
455525,Religion,3
455525,Religion-Christianity,3
455525,Religion-Faith,2
31202835,Nonfiction,485
31202835,Self Help,232
31202835,Audiobook,106
719600,Autobiography-Memoir,44
719600,Cultural-China,39
719600,Nonfiction,38
719600,Biography,22
719600,Travel,16
719600,Cultural-Asia,15
15704486,Fantasy,1774
15704486,Young Adult,816
15704486,Science Fiction,634
15704486,Fiction,308
15704486,Science Fiction-Dystopia,306
15704486,Fantasy-Urban Fantasy,184
15704486,Comics-Superheroes,140
15704486,Audiobook,139
15704486,Apocalyptic-Post Apocalyptic,78
15704486,Adventure,75
29740718,Young Adult,135
29740718,Feminism,129
29740718,Contemporary,113
29740718,Fiction,33
29740718,Romance,27
29740718,Young Adult-Young Adult Contemporary,17
29740718,Health-Mental Health,12
29740718,Realistic Fiction,6
29740718,Humor,5
29740718,Young Adult-High School,4
33375622,Short Stories,2504
33375622,Fiction,1252
33375622,Horror,745
33375622,Fantasy,559
33375622,Feminism,504
33375622,Magical Realism,341
33375622,LGBT,283
33375622,GLBT-Queer,210
33375622,Adult,144
33375622,Contemporary,121
23848190,Leadership,759
23848190,Business,674
23848190,Nonfiction,482
23848190,Self Help,251
23848190,Self Help-Personal Development,160
23848190,War-Military Fiction,131
23848190,Business-Management,120
23848190,Audiobook,97
23848190,Psychology,88
23848190,Productivity,50
17703205,Sequential Art-Manga,739
17703205,Romance,65
17703205,Humor,53
17703205,Sequential Art-Comics,33
17703205,Humor-Comedy,31
17703205,Young Adult,28
25036395,Fantasy,1755
25036395,Young Adult,371
25036395,Fantasy-Magic,136
25036395,Fantasy-High Fantasy,121
25036395,Fiction,120
35910105,Dark,37
35910105,Romance,35
35910105,Sociology-Abuse,12
35068592,Historical-Historical Fiction,1008
35068592,Fiction,240
35068592,Historical,155
34324484,Fantasy,354
34324484,Young Adult,247
34324484,Horror,174
34324484,Fantasy-Paranormal,135
34324484,Fantasy-Urban Fantasy,76
34324484,Fantasy-Supernatural,43
34324484,Fiction,40
34324484,Young Adult-Young Adult Fantasy,38
34324484,Dark,21
34324484,Thriller,19
552106,Fiction,4
552106,Mystery,3
552106,Mystery-Crime,2
40227501,Romance,87
40227501,Fiction,32
40227501,Contemporary,32
40227501,Audiobook,17
60075,Horror,117
60075,Short Stories,57
60075,Horror-Ghost Stories,28
60075,Fiction,21
60075,Paranormal-Ghosts,19
60075,Gothic,17
60075,Classics,14
879299,Fiction,74
879299,Historical-Historical Fiction,33
879299,Classics,25
879299,Young Adult,24
879299,Historical,13
36584899,Young Adult,210
36584899,Contemporary,149
36584899,Romance,112
36584899,Fiction,70
36584899,Realistic Fiction,50
48614841,Novels-Light Novel,12
48614841,Fantasy,9
48614841,Young Adult,8
48614841,Sequential Art-Manga,7
48614841,Asian Literature-Japanese Literature,4
48614841,Romance,3
23784634,Politics,50
23784634,Nonfiction,36
23784634,History,28
7039912,Short Stories,6
7039912,Fiction,3
10567244,History,7
10567244,Religion-Islam,3
10567244,Religion,3
25903764,Sequential Art-Graphic Novels,1952
25903764,Childrens-Middle Grade,629
25903764,Sequential Art-Comics,382
25903764,Fantasy,345
25903764,Young Adult,257
25903764,Fiction,240
25903764,Paranormal-Ghosts,229
10040,Fiction,89
10040,Historical-Historical Fiction,48
10040,European Literature-German Literature,37
10040,Novels,19
65399,Fiction,133
65399,Womens Fiction-Chick Lit,84
65399,Romance,50
65399,American-Southern,50
2932708,Literature,19
295685,Economics-Finance,32
295685,Nonfiction,30
295685,Self Help,16
295685,Finance-Personal Finance,12
295685,Business,11
85326,Philosophy,455
85326,Philosophy-Theory,82
85326,Nonfiction,77
85326,Humanities-Language,29
85326,Cultural-France,26
220741,Science Fiction,162
220741,40k,68
220741,Fiction,61
6561,Horror,299
6561,Fiction,56
6561,Thriller,28
68530,Historical-Historical Fiction,854
68530,Fiction,229
68530,Historical,135
68530,Historical-Medieval,61
68530,Fantasy,51
68530,Adventure,41
68530,War,34
68530,European Literature-British Literature,16
68530,Audiobook,15
68530,War-Military Fiction,14
1976325,Fiction,4
765172,Fiction,283
765172,Poetry,259
765172,Classics,173
765172,Short Stories,118
765172,Cultural-African American,64
765172,Literature,44
765172,Academic-School,40
765172,Literature-American,35
765172,Race,27
765172,American-African American Literature,24
6076107,Politics,74
6076107,Nonfiction,42
817380,Historical-Historical Fiction,45
817380,Christian Fiction,36
817380,Fiction,13
817380,Historical,10
817380,Christian,10
817380,Military History-Civil War,7
817380,Adult Fiction,3
817380,Young Adult-Coming Of Age,2
817380,Young Adult-Teen,2
817380,American History-American Civil War,2
6665900,Politics,41
6665900,Nonfiction,19
272614,Fiction,47
272614,Short Stories,17
272614,Humor,14
272614,Literature-American,9
169651,Young Adult,66
169651,Horror,52
169651,Mystery,47
169651,Fantasy-Paranormal,40
169651,Paranormal-Ghosts,31
6177371,Fantasy,299
6177371,European Literature-Polish Literature,71
6177371,Science Fiction,41
6177371,Fiction,25
4418237,Young Adult,41
4418237,Realistic Fiction,25
4418237,Fiction,13
4418237,Social Issues-Poverty,10
4418237,Young Adult-Teen,10
418209,Fiction,269
418209,Classics,127
418209,Cultural-Russia,112
418209,Literature-Russian Literature,55
418209,Literature,39
418209,Novels,36
418209,Literary Fiction,32
418209,Literature-20th Century,22
418209,Mystery,13
418209,Literature-American,10
2439931,War-Military Fiction,72
2439931,Nonfiction,53
2439931,War,41
2439931,History,25
2439931,Military-Military History,19
2439931,Biography,19
384962,Fantasy,252
384962,Fiction,30
384962,Fantasy-Heroic Fantasy,25
384962,Fantasy-Epic Fantasy,22
59817,Romance,354
59817,Romance-Contemporary Romance,66
59817,Contemporary,42
59817,Fiction,32
59817,Womens Fiction-Chick Lit,15
59817,Adult,11
59817,Anthologies,6
59817,Fantasy-Paranormal,5
59817,Paranormal-Ghosts,4
59817,Romance-M F Romance,4
56083,Fiction,364
56083,Classics,262
56083,Literature,62
56083,Historical-Historical Fiction,56
7778609,Fantasy-Urban Fantasy,669
7778609,Fantasy,473
7778609,Horror,205
7778609,Fiction,140
7778609,Fantasy-Paranormal,85
121792,Humor,326
121792,Sequential Art-Comics,123
121792,Sequential Art-Graphic Novels,112
121792,Fiction,98
194700,Mystery,34
194700,Thriller,31
194700,Fiction,22
194700,Horror,16
194700,Suspense,7
194700,Thriller-Mystery Thriller,7
8100267,Fantasy,827
8100267,Science Fiction,459
8100267,Young Adult,343
8100267,Fiction,192
9722219,Fantasy-Paranormal,574
9722219,Mystery,415
9722219,Fantasy-Urban Fantasy,331
9722219,Paranormal-Ghosts,313
9722219,Fantasy,263
9722219,Romance,223
133775,Young Adult,177
133775,Fiction,96
133775,Historical-Historical Fiction,75
133775,Cultural-Africa,47
133775,Adventure,47
133775,Adventure-Survival,35
35961,Fiction,8
35961,Historical-Historical Fiction,4
35961,Cultural-Asia,2
179734,Horror,748
179734,Fiction,96
179734,Thriller,59
179734,Horror-Splatterpunk,40
179734,Dark,9
179734,Adult,8
179734,Audiobook,7
179734,Mystery-Crime,7
179734,Novels,7
179734,Suspense,5
491578,Fantasy,79
491578,Animals,72
491578,Fiction,50
491578,Childrens,50
491578,Cultural-Africa,43
491578,Adventure,40
491578,Childrens-Middle Grade,39
491578,Mystery,34
491578,Young Adult,26
491578,Childrens-Juvenile,16
7789774,Romance,253
7789774,Adult Fiction-Erotica,192
7789774,Erotica-Menage,145
7789774,Contemporary,83
7789774,Romance-Erotic Romance,67
7789774,Romance-Contemporary Romance,64
7789774,Adult,37
7789774,Westerns,29
7789774,Fiction,28
7789774,Menage-M F M,20
449,Fiction,313
449,Animals-Dogs,56
449,Animals,47
54076,Fiction,99
54076,War,23
54076,Cultural-Spain,23
54076,European Literature-Spanish Literature,21
54076,Art,20
54076,Historical-Historical Fiction,16
54076,Philosophy,12
54076,Literature,10
54076,Mystery,9
54076,Art-Photography,7
300674,History,112
300674,Nonfiction,87
300674,Biography,77
300674,War-Military Fiction,58
300674,War-World War II,51
300674,War,45
300674,Military-Military History,42
300674,Biography-Autobiography,26
300674,Autobiography-Memoir,23
300674,North American Hi...-American History,10
40490,Christian,141
40490,Prayer,127
40490,Religion-Theology,110
40490,Religion-Christianity,60
40490,Nonfiction,50
40490,Christian-Christian Living,44
40490,Religion-Faith,39
40490,Poetry,27
40490,Spirituality,23
40490,Religion,19
14347714,Nonfiction,52
14347714,Business,26
14347714,Biography,13
14347714,Cultural-India,12
14347714,Business-Entrepreneurship,12
14347714,Asian Literature-Indian Literature,11
14347714,Self Help,9
14347714,Humor,6
14347714,Autobiography-Memoir,5
14347714,Contemporary,5
2649029,LGBT,8
2649029,Fiction,5
2649029,LGBT-Gay,4
2649029,Cultural-France,4
3241366,Fantasy-Urban Fantasy,877
3241366,Fantasy,356
3241366,Fantasy-Paranormal,241
3241366,Fantasy-Magic,223
3241366,Romance,102
3241366,Fiction,68
768884,Fiction,38
768884,Spirituality,24
768884,Religion,16
768884,Philosophy,12
283489,Sequential Art-Manga,801
283489,Sequential Art-Comics,102
283489,Science Fiction,81
283489,Sequential Art-Graphic Novels,73
618520,Fiction,37
618520,Womens Fiction-Chick Lit,30
618520,Romance,21
291583,Young Adult,137
291583,Fiction,50
291583,Realistic Fiction,33
291583,Young Adult-Teen,32
291583,Romance,31
244357,Historical-Historical Fiction,39
244357,Fiction,30
244357,European Literature-Finnish Literature,16
244357,Historical,8
11706669,Fantasy,234
11706669,Fiction,24
11706669,Science Fiction Fantasy,14
11706669,Fantasy-Dark Fantasy,14
11706669,Fantasy-Epic Fantasy,11
45386,Autobiography-Memoir,66
45386,Nonfiction,56
45386,Cultural-Iran,51
45386,Biography,27
13591672,Young Adult,73
13591672,Science Fiction-Dystopia,54
13591672,Science Fiction,43
13591672,Fantasy,22
13591672,Apocalyptic-Post Apocalyptic,21
195155,Science,80
195155,Nonfiction,31
195155,Science-Physics,30
7187640,Young Adult,143
7187640,Romance,75
7187640,Contemporary,65
2623267,Fiction,42
2623267,Cultural-India,23
2623267,Classics,17
146107,Sequential Art-Comics,518
146107,Sequential Art-Graphic Novels,199
146107,Sequential Art-Bande Dessinée,113
146107,Adventure,92
146107,Fiction,79
6753329,Fantasy,187
6753329,Young Adult,50
6753329,Romance,17
184356,History,294
184356,Nonfiction,82
184356,Politics,81
184356,Cultural-Russia,53
16157776,Fantasy-Paranormal,35
16157776,Adult Fiction-Erotica,28
16157776,Paranormal-Vampires,26
16157776,Romance,20
16157776,Fantasy-Urban Fantasy,18
16157776,Romance-Paranormal Romance,14
16157776,Erotica-Menage,12
10454418,Economics-Finance,300
10454418,Business,196
10454418,Nonfiction,81
10454418,Economics,59
11849067,Young Adult,91
11849067,Fantasy,89
11849067,Fantasy-Paranormal,74
11849067,Mythology-Mermaids,63
11849067,Romance,52
7249522,Fantasy,415
7249522,Childrens-Middle Grade,194
7249522,Mystery,122
7249522,Childrens,89
7249522,Adventure,75
7249522,Fiction,74
16280717,Fantasy-Paranormal,22
16280717,Romance,15
16280717,Dark,11
16280717,Romance-Paranormal Romance,11
6164596,Asian Literature-Turkish Literature,35
6164596,Biography,17
6164596,Cultural-Turkish,9
6164596,Roman,9
6164596,Literature,3
6164596,Science,2
6164596,Nonfiction,2
6164596,History,2
17181677,Paranormal-Vampires,43
17181677,Fantasy-Paranormal,40
17181677,Romance-Paranormal Romance,27
17181677,Adult Fiction-Erotica,25
17181677,Dark,18
17181677,Romance,18
17181677,Fantasy,11
17133068,Fantasy,4
17133068,Young Adult,2
17133068,Romance,2
17133068,Romance-Paranormal Romance,2
11889938,Mystery,225
11889938,Fiction,96
11889938,Thriller,80
11889938,Mystery-Crime,71
11889938,Thriller-Mystery Thriller,50
11889938,Suspense,41
10116769,Novels,26
10116769,Fiction,10
10116769,Family,6
4369839,Romance,21
4369839,Romance-Historical Romance,4
6097536,Religion,5
833312,Sports-Mountaineering,78
833312,Nonfiction,72
833312,Adventure,42
833312,Mountaineering-Climbing,30
833312,Travel,27
833312,Biography,20
10116463,Fiction,15
10116463,Literature,10
10116463,European Literature-Italian Literature,7
275600,Fiction,47
275600,Cultural-India,24
275600,Asian Literature-Indian Literature,14
275600,Young Adult,11
17877452,Adult Fiction-Erotica,8
17877452,Romance,7
17877452,Romance-Contemporary Romance,3
17879095,Romance,2
71149,History,164
71149,Nonfiction,140
71149,Cultural-Russia,112
71149,Autobiography-Memoir,92
71149,Biography,47
11702,Nonfiction,183
11702,Writing-Essays,112
11702,History,83
17612776,Young Adult,30
17612776,Fantasy-Paranormal,23
17612776,Romance,22
17612776,Paranormal-Ghosts,17
17612776,Fantasy,14
1105956,Nonfiction,461
1105956,Mystery-Crime,151
1105956,Cultural-Italy,111
1105956,Crime-True Crime,104
1105956,History,91
1105956,European Literature-Italian Literature,72
12388631,Academic-Read For School,4
12388631,Academic-School,3
440111,Novels,51
440111,Fiction,42
440111,Literature,12
15830010,Cultural-Australia,4
15830010,Historical-Historical Fiction,3
862311,Fiction,109
862311,Classics,100
862311,Science Fiction,31
862311,Fantasy,29
862311,Literature-American,14
862311,The United States Of America,13
862311,American-Americana,10
862311,Novels,8
862311,Adventure,6
862311,Science Fiction-Time Travel,6
17033173,Christian,12
17033173,Fantasy,11
17033173,Fiction,10
17033173,Christian Fiction,9
17033173,Religion,4
8869236,Fiction,3
8869236,Classics,3
28012,Psychology,497
28012,Nonfiction,225
28012,Self Help,184
28012,Self Help-Personal Development,49
28012,Science,25
28012,Business,22
28012,Health-Mental Health,14
28012,Philosophy,13
28012,Health,12
28012,Psychology-Counselling,11
15773979,Fantasy,503
15773979,Science Fiction-Steampunk,274
15773979,Young Adult,121
15773979,Science Fiction-Dystopia,66
36434,Psychology,313
36434,Nonfiction,213
36434,Health-Mental Health,97
36434,Mental Health-Mental Illness,47
36434,Art,33
36434,Science,24
36434,Health,18
36434,History,18
36434,Biography,17
36434,Medicine-Psychiatry,15
18145294,Romance-Christian Romance,2
17334991,Historical-Historical Fiction,19
17334991,Fiction,10
42435,History,514
42435,Nonfiction,402
42435,War-Military Fiction,112
42435,War,104
42435,War-World War II,102
18388177,Autobiography-Memoir,3
18388177,Biography,2
133238,Fiction,154
133238,Classics,50
133238,Mystery,24
62535,Fiction,77
62535,European Literature-Czech Literature,51
17970255,New Adult,511
17970255,Romance,414
17970255,Contemporary,172
17970255,Romance-Contemporary Romance,151
17970255,Academic-College,110
6203048,Poetry,67
18839746,Business,8
12578370,Young Adult,175
12578370,Fantasy-Paranormal,128
12578370,Fantasy,85
12578370,Science Fiction,59
12578370,Romance,40
12578370,Science Fiction-Dystopia,38
12578370,Fiction,30
12578370,Thriller,23
12578370,Mystery,21
12578370,Fantasy-Supernatural,13
9373152,Science Fiction,169
9373152,Fiction,106
9373152,Fantasy,75
9373152,Games-Video Games,58
9373152,Science Fiction-Dystopia,39
9373152,Horror,34
9373152,Science Fiction-Steampunk,28
9373152,Games-Gaming,19
9373152,Sports and Games-Games,18
9373152,Historical-Historical Fiction,14
11970747,Fantasy,1256
11970747,Fiction,205
11970747,Short Stories,104
11970747,Fantasy-Epic Fantasy,43
11970747,Novella,42
11970747,Fantasy-High Fantasy,35
11970747,Adventure,32
11970747,Science Fiction Fantasy,25
11970747,Sequential Art-Graphic Novels,18
11970747,Audiobook,15
41538,Horror,52
41538,Fantasy,41
41538,Fiction,41
41538,Fantasy-Paranormal,14
41538,Science Fiction,14
41538,Cultural-African American,12
41538,Fantasy-Supernatural,9
41538,Fantasy-Urban Fantasy,9
41538,Cultural-Africa,7
41538,Paranormal-Vampires,7
76688,Science Fiction,1257
76688,Fiction,326
182587,Fiction,32
182587,European Literature-German Literature,23
10569269,Historical-Georgian,25
10569269,Fiction,4
10569269,Magical Realism,4
23353850,Adult Fiction-Erotica,2
23345583,Novels,4
23345583,Asian Literature-Indonesian Literature,3
23345583,Spirituality,3
23345583,Literature,2
289029,Self Help,169
289029,Nonfiction,113
289029,Philosophy,29
23494599,Fantasy,4
23494599,Young Adult,3
23494599,Science-Mathematics,2
52184,Philosophy,328
52184,Politics,130
52184,Nonfiction,112
52184,Sociology,80
52184,Economics,76
52184,History,48
8542839,Fantasy-Paranormal,341
8542839,Romance,222
8542839,Fantasy,194
8542839,Romance-Paranormal Romance,189
8542839,Fantasy-Urban Fantasy,140
8542839,Paranormal-Witches,130
8542839,Paranormal-Vampires,103
18505844,Science Fiction,176
18505844,Science Fiction-Dystopia,162
18505844,Fiction,134
18505844,European Literature-Finnish Literature,74
18505844,Young Adult,67
18077752,Science Fiction,1212
18077752,Fiction,852
18077752,Horror,585
18077752,Fantasy,291
18077769,Science Fiction,1516
18077769,Fiction,1074
18077769,Horror,753
18077769,Fantasy,370
18077769,Mystery,213
18077769,Audiobook,163
18077769,Science Fiction Fantasy,162
18077769,Science Fiction-Dystopia,121
18077769,Fantasy-Weird Fiction,98
18077769,Novels,92
146429,Poetry,153
146429,Fiction,87
146429,Short Stories,86
146429,Magical Realism,31
146429,Literature,29
17278396,Young Adult,23
17278396,Fiction,12
17278396,Romance,11
17278396,Childrens,7
20890479,Fiction,460
20890479,Contemporary,82
20801166,Romance,576
20801166,Contemporary,546
20801166,Young Adult,544
20801166,Fiction,139
8493681,Young Adult,90
8493681,Fantasy,58
8493681,Paranormal-Witches,50
8493681,Fantasy-Magic,39
24088823,Young Adult,18
24088823,Romance,16
24088823,Romance-Contemporary Romance,5
17333289,History,317
17333289,Nonfiction,192
17333289,Science,54
17333289,War-World War II,41
17333289,Politics,36
17333289,War,34
28483931,Romance,156
28483931,Historical-Historical Fiction,89
28483931,Historical,84
28483931,Romance-Historical Romance,77
28483931,Adventure,30
25816447,Dark,187
25816447,Romance,117
25816447,Contemporary,57
25816447,Sociology-Abuse,52
25816447,Suspense,52
25816447,Romance-Romantic Suspense,48
45694,Classics,165
45694,Short Stories,76
45694,Fiction,46
45694,Humor,19
45694,Fantasy,17
45694,Horror,15
45694,Literature-English Literature,10
45694,Literature-19th Century,9
45694,European Literature-British Literature,7
45694,Humor-Comedy,6
859887,Historical-Historical Fiction,233
859887,Fiction,85
859887,Historical,57
18102827,Fantasy-Paranormal,361
18102827,New Adult,317
18102827,Fantasy,268
18102827,Romance,188
18102827,Paranormal-Vampires,179
18102827,Fantasy-Magic,135
18102827,Romance-Paranormal Romance,112
23203744,Young Adult,231
23203744,Contemporary,105
23203744,Magical Realism,103
23203744,Fiction,50
20640467,Romance-M M Romance,359
20640467,Romance,105
20640467,Contemporary,80
183015,Fiction,144
183015,Science-Mathematics,102
3453791,Fantasy,482
3453791,Young Adult,169
3453791,Adventure,63
3453791,Fiction,54
17679368,Romance,137
17679368,Historical-Historical Fiction,102
17679368,Young Adult,93
17679368,Retellings,83
17679368,Christian Fiction,66
17679368,Fantasy,55
17679368,Christian,56
32316602,Fiction,2
9496620,Philosophy,31
9496620,Religion,20
9496620,Science,19
9496620,Nonfiction,14
9496620,Religion-Atheism,6
9496620,Spirituality,3
9496620,African Literature-Egyptian Literature,2
9496620,Psychology,2
9496620,Religion-Islam,2
12327052,History,26
12327052,Cultural-India,17
12327052,Asian Literature-Indian Literature,4
12327052,Literature-Marathi,4
12327052,Historical,3
12327052,Nonfiction,2
12327052,Politics,2
12327052,Religion,2
12327052,Religion-Hinduism,2
12327052,Cultural-Asia,2
13343752,Fantasy,149
13343752,Young Adult,91
13343752,Horror,31
29991719,Romance,1310
29991719,Contemporary,505
29991719,New Adult,421
29991719,Romance-Contemporary Romance,417
29991719,Adult,166
29991719,Audiobook,105
29991719,Humor,85
29991719,Womens Fiction-Chick Lit,78
29991719,Fiction,73
29991719,Adult Fiction-Erotica,57
20926065,Romance-M M Romance,202
20926065,Romance,112
20926065,Science Fiction-Dystopia,106
20926065,LGBT,96
20926065,Science Fiction,68
20926065,Dark,60
20926065,Adult,38
20926065,Fiction,26
20926065,Sociology-Abuse,26
20926065,War-Military Fiction,25
22819788,Cultural-France,41
22819788,Biography,36
22819788,Nonfiction,34
22819788,Art,33
22819788,European Literature-French Literature,20
1542100,Nonfiction,170
1542100,History,98
1542100,Biography,83
1542100,War,53
1542100,Autobiography-Memoir,37
1542100,Biography-Autobiography,32
1542100,War-World War II,30
11979900,Young Adult,175
11979900,Romance,115
11979900,Contemporary,114
11979900,Music,66
11979900,Realistic Fiction,54
11979900,Womens Fiction-Chick Lit,37
23492533,Romance,527
23492533,Contemporary,285
23492533,New Adult,279
23492533,Romance-Contemporary Romance,119
23492533,Fiction,110
23492533,Adult,62
23492533,Womens Fiction-Chick Lit,53
23492533,Sociology-Abuse,44
23492533,Young Adult,35
23492533,Adult Fiction,23
25330544,Nonfiction,199
25330544,Biography,127
25330544,Autobiography-Memoir,115
25330544,Music,40
25330544,Biography-Autobiography,33
25330544,Audiobook,25
25330544,Biography Memoir,22
25330544,Adult,17
25330544,Humor,11
25330544,Religion,6
647492,History,930
647492,Nonfiction,456
647492,World War II-Holocaust,177
647492,War,113
647492,War-World War II,111
647492,Psychology,105
647492,Historical,46
647492,Cultural-Germany,37
647492,History-European History,33
647492,War-Military Fiction,30
10433091,Romance,124
10433091,Cultural-France,103
10433091,Fiction,95
10433091,Contemporary,57
6490174,Nonfiction,61
6490174,Biography,35
6490174,Autobiography-Memoir,23
6490174,History,12
28186273,Young Adult,453
28186273,Contemporary,353
28186273,Romance,296
28186273,Fiction,61
34917666,Historical-Historical Fiction,116
34917666,Fiction,46
34917666,Romance,40
34917666,Historical,20
34917666,War-World War II,17
30256105,Mystery,726
30256105,Young Adult,528
30256105,Contemporary,200
30256105,Fiction,133
34218224,Childrens-Middle Grade,321
34218224,Realistic Fiction,237
34218224,Sports-Sports,196
34218224,Young Adult,115
34218224,Fiction,97
89231,Historical-Historical Fiction,446
89231,Fiction,275
89231,Classics,87
89231,Historical,69
6225786,Nonfiction,21
6225786,Asian Literature-Turkish Literature,19
6225786,Philosophy,14
6225786,Cultural-Turkish,9
42141,Fiction,41
42141,Fantasy,33
42141,Magical Realism,20
42141,Fantasy-Urban Fantasy,7
42141,Speculative Fiction,7
23019294,Horror,2843
23019294,Fiction,721
23019294,Thriller,320
23019294,Mystery,268
23019294,Fantasy-Paranormal,205
23019294,Audiobook,122
23019294,Adult,95
23019294,Suspense,90
23019294,Fantasy-Supernatural,87
23019294,Thriller-Mystery Thriller,84
36840397,Fiction,1130
36840397,Contemporary,278
36840397,Literary Fiction,145
36840397,Audiobook,97
36840397,Adult Fiction,83
36840397,Family,71
36840397,Adult,70
36840397,Cultural-India,58
36840397,Book Club,50
36840397,Novels,44
30223025,Young Adult,1192
30223025,Historical-Historical Fiction,1161
30223025,Fantasy,1039
30223025,Horror,741
30223025,Horror-Zombies,510
30223025,Historical,449
30223025,Fiction,388
30223025,Science Fiction-Alternate History,228
30223025,Audiobook,221
30223025,Science Fiction-Dystopia,150
34433755,Fantasy,2616
34433755,Young Adult,1155
34433755,LGBT,697
2590136,Nonfiction,984
2590136,History,884
2590136,Biography,393
2590136,Race,205
2590136,Audiobook,142
2590136,Cultural-Africa,139
1286453,Fiction,29
1286453,Mystery,16
1286453,LGBT,14
1286453,LGBT-Gay,7
1286453,Dark,6
29589074,Mystery,2514
29589074,Young Adult,1853
29589074,Contemporary,644
29589074,Thriller-Mystery Thriller,455
29589074,Fiction,413
29589074,Thriller,344
29589074,Audiobook,286
29589074,Mystery-Crime,174
29589074,School Stories-Boarding School,103
29589074,Young Adult-Teen,97
11852497,Short Stories,27
11852497,Fiction,21
9959373,Short Stories,5
9959373,Fiction,3
38216157,Mystery,51
38216157,Thriller,32
38216157,Fiction,28
38216157,Adult,20
38216157,Thriller-Mystery Thriller,16
6021526,Poetry,12
6021526,Plays,6
88071,Science Fiction,1744
88071,Fiction,425
88071,Space-Space Opera,189
443765,Fantasy,284
443765,Fiction,48
443765,Heroic Fantasy-Sword and Sorcery,30
443765,Adventure,22
443765,Pulp,18
12540,Autobiography-Memoir,486
12540,Nonfiction,388
12540,Parenting,376
12540,Biography,69
12540,Humor,68
122771,Historical-Historical Fiction,158
122771,Fiction,100
122771,Classics,43
122771,Christian,26
122771,Historical,24
122771,Christian Fiction,21
669305,Short Stories,235
669305,Fiction,164
669305,Gothic,103
669305,Classics,88
669305,Horror,42
669305,European Literature-Danish,36
1847329,Nonfiction,182
1847329,Biography,129
1847329,Biography-Autobiography,65
1847329,Autobiography-Memoir,50
499150,Young Adult,66
499150,Fiction,20
499150,Realistic Fiction,16
499150,Academic-School,15
499150,Contemporary,14
499150,Young Adult-Teen,8
9298,Womens Fiction-Chick Lit,700
9298,Fiction,240
9298,Romance,144
142108,Business,196
142108,Economics-Finance,168
142108,Nonfiction,64
142108,Self Help,41
142108,Currency-Money,37
6348889,Horror,14
6348889,Thriller,6
6348889,Cultural-France,6
339443,Urban,29
339443,Fiction,10
145391,Psychology,348
145391,Nonfiction,183
145391,Health-Mental Health,107
145391,Self Help,89
145391,Mental Health-Mental Illness,60
248533,Paranormal-Vampires,262
248533,Young Adult,245
248533,Fantasy,182
248533,Fantasy-Paranormal,111
248533,Romance,84
248533,Horror,71
248533,Fantasy-Urban Fantasy,50
248533,Fantasy-Supernatural,43
248533,Fiction,41
248533,Romance-Paranormal Romance,34
15450,Fantasy,1008
15450,Fiction,121
15450,Humor,75
15450,Science Fiction Fantasy,61
2283433,Fantasy,10
2283433,Young Adult,4
2283433,Young Adult-Young Adult Fantasy,2
2283433,Fantasy-Mythology,2
458450,Fantasy,65
458450,Fiction,37
458450,Horror,32
28920,Fiction,647
28920,Cultural-Japan,248
28920,Historical-Historical Fiction,193
28920,Asian Literature-Japanese Literature,85
6855506,Fantasy,100
6855506,Young Adult,64
6855506,Romance,50
6855506,Fantasy-Paranormal,29
33820,Fiction,218
33820,Thriller,121
33820,Mystery,110
65053,Young Adult,260
65053,Poetry,138
65053,Realistic Fiction,74
65053,Fiction,53
65053,Contemporary,47
3485562,Fantasy,620
3485562,Young Adult,195
3485562,Fiction,118
3485562,Childrens-Middle Grade,85
3485562,Humor,80
6366110,Fantasy,511
6366110,Young Adult,152
6366110,Fiction,93
6366110,Childrens-Middle Grade,71
6366110,Humor,63
454950,Fiction,34
454950,Young Adult-Coming Of Age,7
454950,Historical-Historical Fiction,6
454950,Novels,4
3280113,Horror,102
3280113,Young Adult,77
3280113,Fantasy,27
3280113,Mystery,19
3280113,Fantasy-Paranormal,18
3280113,Fantasy-Supernatural,16
826564,History,381
826564,Biography,268
826564,Nonfiction,174
826564,Cultural-Russia,110
826564,Politics,35
826564,History-Russian History,32
7320458,Science Fiction-Dystopia,127
7320458,Young Adult,125
7320458,Science Fiction,40
7134202,Mystery,500
7134202,Fiction,333
7134202,Thriller,227
7134202,Mystery-Crime,146
7134202,Audiobook,118
7134202,Suspense,98
7134202,Thriller-Mystery Thriller,73
7134202,Mystery-Detective,32
7134202,Adult,30
7134202,Mystery-Murder Mystery,24
890680,Fiction,6
890680,Romance,2
47905,Fantasy,352
47905,Young Adult,137
47905,Science Fiction-Dystopia,51
47905,Science Fiction,48
461627,Fantasy,639
461627,Humor,119
461627,Fiction,77
461627,Science Fiction Fantasy,36
461627,Humor-Comedy,27
9872091,Science Fiction,55
9872091,Fantasy,52
9872091,Young Adult,49
9872091,Science Fiction-Dystopia,42
146128,Sequential Art-Comics,577
146128,Sequential Art-Graphic Novels,182
146128,Sequential Art-Bande Dessinée,100
146128,Adventure,97
146128,Fiction,83
61901,Science Fiction,732
61901,Space-Space Opera,176
61901,Fiction,168
9790396,Fantasy-Paranormal,12
9790396,Paranormal-Vampires,5
9790396,Horror,5
9790396,Thriller,4
9790396,Christian Fiction,4
9790396,Fiction,3
821964,Fiction,358
821964,Magical Realism,176
821964,Short Stories,150
821964,Historical-Historical Fiction,117
821964,Fantasy,47
300045,Young Adult,226
300045,Fiction,96
300045,Science Fiction-Dystopia,89
300045,Romance,65
300045,Science Fiction,26
300045,Childrens,24
300045,Fantasy,19
300045,Young Adult-Teen,18
300045,Contemporary,16
300045,Drama,12
10419436,Fantasy,40
10419436,Fantasy-Dragons,15
10419436,Young Adult,5
10419436,Fantasy-Magic,5
10419436,Adventure,3
18068693,Young Adult,47
18068693,Contemporary,33
18068693,Romance,29
18068693,LGBT,21
962955,Reference,77
962955,Christian,38
962955,Religion-Theology,30
962955,Religion,26
39799,Mystery,299
39799,Mystery-Crime,239
39799,Fiction,180
39799,Thriller,80
39799,Cultural-Sweden,54
71864,Young Adult,577
71864,Fiction,219
71864,War,153
1013883,Fiction,24
1013883,Cultural-Belgium,9
1013883,Literature,8
143511,Fiction,152
143511,Classics,105
143511,Literature,38
143511,Cultural-Russia,35
143511,Novels,17
143511,Literature-20th Century,17
723558,Christian,23
723558,Fiction,19
723558,Christian Fiction,13
526869,Fiction,349
526869,Classics,210
469208,Fantasy,110
469208,Fantasy-Epic Fantasy,22
469208,Fantasy-High Fantasy,12
12407853,Fantasy,253
12407853,Young Adult,226
12407853,Fantasy-Paranormal,186
12407853,Romance,109
12407853,Fantasy-Magic,70
12143472,Mystery,430
12143472,Historical-Historical Fiction,347
12143472,Young Adult,267
12143472,Historical,148
12143472,Romance,110
13562547,Young Adult,118
13562547,Romance,96
13562547,Sociology-Abuse,78
13562547,Contemporary,55
13562547,Young Adult-High School,32
15916,Nonfiction,363
15916,Philosophy,344
15916,Psychology,296
15916,Politics,273
15916,Sociology,203
15916,History,151
15916,Religion,52
15916,Culture-Society,28
15916,Social Science,24
15916,Classics,20
906024,Horror,164
906024,Horror-Zombies,57
906024,Fiction,22
906024,Apocalyptic-Post Apocalyptic,19
906024,Science Fiction,13
263466,Science Fiction,388
263466,Fiction,137
79550,Fiction,820
79550,Short Stories,202
79550,Classics,130
10673576,Fiction,272
10673576,Science Fiction,227
10673576,Science Fiction-Dystopia,102
10673576,Fantasy,58
23230,Young Adult,535
23230,LGBT,224
23230,Romance,217
23230,Contemporary,180
23230,Fiction,134
380887,History,144
380887,Nonfiction,51
380887,Classics,32
380887,North American Hi...-American History,25
380887,Historical,11
380887,Biography,10
380887,Literature-American,10
3282557,Fiction,27
3282557,Classics,11
3282557,Cultural-India,11
4732517,Young Adult,166
4732517,Poetry,83
4732517,Contemporary,57
4732517,Romance,42
4732517,Realistic Fiction,39
196417,Christian,36
196417,Religion-Christianity,24
196417,Religion-Theology,21
196417,Religion,21
196417,Nonfiction,16
196417,Philosophy,10
196417,Religion-Buddhism,9
507069,Historical-Historical Fiction,233
507069,Fiction,95
507069,Historical,29
507069,Adult Fiction,20
507069,Romance,19
507069,Westerns,18
60756,Fiction,18
60756,European Literature-Spanish Literature,11
60756,Literature,7
60756,Cultural-Latin American,6
60756,Literature-20th Century,5
60756,Novels,5
60756,Classics,4
60756,Literature-Latin American Literature,3
60756,Young Adult-Coming Of Age,2
102575,Horror,265
102575,Fiction,64
102575,Short Stories,59
102575,Fantasy,44
102575,Fantasy-Weird Fiction,22
2332154,Fantasy-Urban Fantasy,64
2332154,Fantasy-Paranormal,40
2332154,Fantasy,36
2332154,Romance,26
2332154,Paranormal-Angels,25
2332154,Romance-Paranormal Romance,25
13664,Fantasy,372
13664,Childrens,195
13664,Fiction,136
13664,Animals,109
13664,Animals-Cats,104
15307498,Romance,28
15307498,Dark,17
15307498,Contemporary,16
15307498,Romance-Contemporary Romance,15
290,Religion,31
290,Poetry,30
290,Philosophy,24
290,Fiction,18
290,Religion-Christianity,12
12723460,Young Adult,82
12723460,Mystery,50
12723460,Contemporary,33
12723460,Thriller,25
12723460,Sociology-Abuse,21
11700333,Fiction,275
11700333,Literary Fiction,50
11700333,Contemporary,43
11700333,Novels,30
7669259,Fantasy,256
7669259,Young Adult,227
7669259,Fantasy-Paranormal,85
7669259,Fiction,59
7343071,Horror,175
7343071,Gothic,142
7343071,Fiction,94
7343071,Historical-Historical Fiction,86
7343071,Mystery,67
7343071,Historical,41
7343071,Fantasy,38
8563829,Romance-Historical Romance,779
8563829,Romance,526
8563829,Historical,377
8563829,Historical-Historical Fiction,106
8563829,Adult,55
8563829,Historical-Regency,46
8563829,Cultural-Scotland,45
8563829,Historical-Victorian,38
8563829,Fiction,35
8563829,Historical Romance-Regency Romance,26
13324895,Fantasy,47
13324895,Romance,27
13324895,Young Adult,27
13324895,Fairies-Fae,19
13324895,Fantasy-Magic,16
13324895,Fantasy-Paranormal,14
13324895,Romance-Paranormal Romance,14
13324895,Paranormal-Fairies,12
13324895,Fantasy-Urban Fantasy,11
13324895,Fiction,8
741635,Christian Fiction,12
741635,Fiction,6
741635,Romance,3
741635,Urban,3
15762657,Romance,676
15762657,Romance-Contemporary Romance,309
15762657,Contemporary,271
15762657,Sports-Sports,171
15762657,Adult Fiction-Erotica,167
15762657,Adult,134
6310782,Media Tie In-Star Wars,867
6310782,Horror,211
6310782,Science Fiction,207
6310782,Fiction,114
6310782,Horror-Zombies,110
1369831,Historical-Historical Fiction,182
1369831,Young Adult,98
1369831,Cultural-Russia,43
1369831,Fantasy,39
1369831,Fiction,38
1369831,Historical,36
1369831,Fantasy-Fairy Tales,24
16035,Historical-Historical Fiction,154
16035,Fiction,86
16035,Cultural-Asia,37
18422,Nonfiction,281
18422,Biography,266
18422,Autobiography-Memoir,99
18422,Medical,74
18422,Biography-Autobiography,63
163265,Feminism,270
163265,Nonfiction,111
163265,Philosophy,33
163265,Sexuality,28
163265,Gender,22
2414750,Romance,253
2414750,Romance-Contemporary Romance,173
2414750,Contemporary,152
2414750,Adult,47
20653878,Horror-Zombies,32
20653878,Romance,9
20653878,Horror,8
20653878,Young Adult,6
20653878,Apocalyptic-Post Apocalyptic,4
577184,Historical-Historical Fiction,211
577184,Young Adult,91
577184,Fiction,38
577184,Historical,31
577184,Academic-School,17
577184,Young Adult-Young Adult Historical Fiction,12
577184,Childrens-Middle Grade,9
577184,Classics,7
577184,Death,6
577184,Childrens,6
6413374,Novels,13
18144009,Fiction,153
18144009,Thriller,123
18144009,Mystery,57
18144009,Humor,51
18144009,Mystery-Crime,33
18144009,Adult Fiction,23
11175115,Asian Literature-Turkish Literature,33
11175115,Cultural-Turkish,17
11175115,Fiction,11
22555753,Romance,26
22555753,Fiction,5
22555753,Contemporary,4
13062488,Young Adult,410
13062488,Science Fiction,216
13258121,Fiction,295
13258121,Mystery,104
13258121,Historical-Historical Fiction,88
13258121,Fantasy,74
13258121,Fantasy-Paranormal,59
13258121,Paranormal-Ghosts,59
140099,Fantasy-Urban Fantasy,942
140099,Fantasy,489
140099,Fantasy-Paranormal,335
140099,Mystery,159
140099,Paranormal-Vampires,156
140099,Fiction,141
140099,Fantasy-Supernatural,100
10822395,Young Adult,193
10822395,Fantasy-Paranormal,184
10822395,Fantasy,175
10822395,Romance,132
10822395,Fantasy-Magic,68
10822395,Romance-Paranormal Romance,43
10822395,Fantasy-Supernatural,39
10822395,Fantasy-Urban Fantasy,34
10822395,Fiction,13
10822395,Science Fiction-Dystopia,13
17338675,Romance,55
17338675,Fiction,53
17338675,Cultural-France,51
17338675,Thriller,34
22571758,Sequential Art-Graphic Novels,307
22571758,Young Adult,120
22571758,Science Fiction-Dystopia,105
22571758,Sequential Art-Comics,54
22571758,Science Fiction,39
22571758,Romance,36
22571758,Fiction,30
22571758,Graphic Novels Comics,22
22571758,Fantasy,21
22571758,Sequential Art-Manga,20
22374443,Novels,13
22374443,Religion-Islam,10
312881,Historical-Historical Fiction,136
312881,Fiction,98
312881,Cultural-Canada,69
22070851,Sociology-Abuse,6
748164,Cultural-Africa,59
748164,Fiction,51
748164,Eastern Africa-Mozambique,39
748164,Magical Realism,26
748164,Literature-African Literature,19
1075635,Nonfiction,87
1075635,Animals,46
1075635,Environment-Nature,43
1075635,Autobiography-Memoir,30
1075635,Biography,28
1075635,Cultural-Scotland,21
22089601,Romance,124
22089601,Young Adult,90
22089601,Contemporary,76
22089601,New Adult,65
22089601,Womens Fiction-Chick Lit,23
61354,Fiction,54
61354,Poetry,51
61354,Literature-American,13
61354,Literature,11
61354,Novels,11
61354,Short Stories,9
61354,Literary Fiction,7
61354,Classics,6
61354,Diary,6
61354,Literature-20th Century,6
36279579,Romance,58
36279579,Young Adult,33
36279579,New Adult,30
337537,Childrens,112
337537,Fiction,57
16160701,Science Fiction-Dystopia,101
16160701,Young Adult,84
16160701,Science Fiction,48
16160701,Fantasy,39
16160701,Apocalyptic-Post Apocalyptic,36
16217670,Young Adult,215
16217670,Mystery,144
27259009,Fantasy,8
27259009,Young Adult,2
22717015,Romance,685
22717015,New Adult,390
22717015,Contemporary,224
22717015,Romance-Contemporary Romance,158
18760264,Holiday-Christmas,19
18760264,Womens Fiction-Chick Lit,9
18760264,Romance,8
18760264,Holiday,6
18760264,Short Stories,5
248322,Fiction,428
248322,Humor,114
248322,Contemporary,71
248322,Humor-Comedy,48
18509683,Young Adult,254
18509683,Contemporary,162
18509683,Romance,101
18509683,Sociology-Abuse,70
18509683,Realistic Fiction,52
1617191,Fiction,29
1617191,Cultural-India,17
1617191,Asian Literature-Indian Literature,8
1617191,Short Stories,5
3933510,Fantasy,36
3933510,Childrens-Middle Grade,10
3933510,Adventure,8
3933510,Fiction,8
3933510,Fantasy-Magic,6
3933510,Childrens,6
18392459,Young Adult,610
18392459,Contemporary,350
18392459,Fiction,154
18392459,Science Fiction,120
124983,Science,5
124983,Artificial Intelligence,4
124983,Nonfiction,3
36373647,Fiction,340
36373647,Womens Fiction-Chick Lit,339
36373647,Audiobook,97
36373647,Contemporary,63
36373647,Adult Fiction,45
36373647,Adult,41
36373647,Humor,21
36373647,Womens Fiction,21
36373647,Romance,18
36373647,Realistic Fiction,14
256234,Environment-Nature,20
256234,Nonfiction,10
256234,Nature-Outdoors,4
256234,Philosophy,3
2392841,Philosophy,37
2392841,Religion-Islam,19
2392841,Nonfiction,17
2392841,Religion,13
23002501,Womens Fiction-Chick Lit,135
23002501,Romance,111
23002501,Contemporary,74
23002501,Fiction,72
27139794,Fantasy,2
13512946,Horror,335
13512946,Fiction,78
13512946,European Literature-Swedish Literature,39
13512946,Thriller,36
139724,Fiction,257
139724,Fantasy,109
139724,Magical Realism,82
139724,Cultural-Africa,70
139724,Horror,65
139724,Western Africa-Nigeria,30
139724,Novels,18
139724,Contemporary,16
139724,Literary Fiction,13
139724,European Literature-British Literature,13
25901548,Young Adult,71
25901548,Contemporary,57
25901548,Romance,48
25901548,Realistic Fiction,11
45183,Fantasy,501
45183,Classics,229
45183,Childrens,172
45183,Fiction,158
944652,Business,414
944652,Economics-Finance,217
944652,Nonfiction,156
944652,Biography,104
944652,Economics,76
944652,Philosophy,72
26128174,Romance-Contemporary Romance,5
26128174,Romance,2
20736640,Nonfiction,295
20736640,History,99
20736640,Autobiography-Memoir,94
20736640,Biography,78
20736640,Politics,71
27912522,Womens Fiction-Chick Lit,91
27912522,Romance,78
27912522,Contemporary,45
27912522,Humor,35
27912522,Romance-Contemporary Romance,15
22010129,Young Adult,148
22010129,Mystery,107
22010129,Thriller,69
22010129,Contemporary,39
22010129,Mental Health-Mental Illness,31
22010129,Thriller-Mystery Thriller,31
30095464,Fantasy,1881
30095464,Young Adult,860
30095464,Fantasy-Paranormal,252
30095464,Paranormal-Witches,242
33573674,Fantasy,166
33573674,Young Adult,63
33573674,Romance,43
31139037,Fiction,133
31139037,Mystery,128
31139037,Thriller,104
31139037,Historical-Historical Fiction,53
38456737,Romance,260
38456737,Romance-Contemporary Romance,128
38456737,Contemporary,116
34513573,Romance,254
34513573,Romance-Contemporary Romance,132
34513573,Contemporary,119
39893545,Mystery,1267
39893545,Young Adult,912
39893545,Contemporary,281
39893545,Audiobook,271
8521879,Nonfiction,129
8521879,Cultural-India,112
8521879,Politics,75
8521879,History,75
8521879,Philosophy,23
34390820,Mystery,457
34390820,Fiction,305
34390820,Mystery-Crime,213
34390820,Thriller,116
22571629,Historical-Historical Fiction,443
22571629,Fiction,264
22571629,Historical,62
22571629,Novels,59
905092,Business,215
905092,Economics-Finance,169
905092,Nonfiction,126
905092,Finance-Personal Finance,92
905092,Currency-Money,57
905092,Self Help,56
26123021,Self Help,71
26123021,Business,64
26123021,Nonfiction,63
26123021,Self Help-Personal Development,42
26123021,Feminism,13
16131032,Science Fiction,2440
16131032,Fiction,712
16131032,Space-Space Opera,471
16131032,Audiobook,155
16131032,Space,138
16131032,Science Fiction Fantasy,120
16131032,Fantasy,77
16131032,Adventure,72
16131032,Science Fiction-Aliens,47
16131032,Speculative Fiction,46
7493186,Romance-M M Romance,907
7493186,Romance,372
7493186,Contemporary,261
9753375,Novels,80
9753375,Fantasy,51
25852870,Fiction,1377
25852870,Romance,964
25852870,Womens Fiction-Chick Lit,497
25852870,Contemporary,423
3060904,Novels,10
3060904,Asian Literature-Indonesian Literature,9
3060904,Fiction,5
3060904,Historical-Historical Fiction,3
3060904,Romance,2
3060904,Historical,2
3060904,Cultural,2
122126,Fantasy,216
122126,Young Adult,89
122126,Mythology-Arthurian,81
122126,Historical-Historical Fiction,47
122126,Fiction,27
122126,Fantasy-Mythology,26
122126,Historical,22
122126,Retellings,17
122126,Young Adult-Young Adult Fantasy,17
122126,Young Adult-Teen,13
337132,Science Fiction,668
337132,Fiction,287
337132,Science Fiction-Time Travel,146
28463,Classics,109
28463,Cultural-Russia,107
28463,Fiction,84
28463,Literature-Russian Literature,80
28463,Literature,27
77431,Historical-Historical Fiction,682
77431,Fiction,386
77431,Historical,138
77431,Adventure,81
77431,War,45
77431,Audiobook,38
77431,War-Military Fiction,27
77431,Novels,18
77431,Literature,18
77431,European Literature-British Literature,17
523151,Mystery,21
523151,Fiction,12
523151,Childrens,11
523151,Childrens-Middle Grade,10
523151,Contemporary,5
523151,Realistic Fiction,5
523151,Young Adult,5
523151,Adventure,5
523151,Fantasy,4
523151,Womens Fiction-Chick Lit,3
7531,Humor,358
7531,Nonfiction,252
7531,Autobiography-Memoir,182
7531,Writing-Essays,80
7531,Womens Fiction-Chick Lit,74
7531,Humor-Comedy,40
7531,Biography,37
7531,Short Stories,33
7531,Biography Memoir,18
7531,Biography-Autobiography,18
6216433,Fiction,131
6216433,Cultural-Canada,89
6216433,Contemporary,20
142442,Fiction,69
142442,Humor,62
142442,Classics,22
142442,Humor-Comedy,17
142442,European Literature-British Literature,13
3297175,Fiction,209
3297175,Classics,62
3297175,Mystery-Crime,33
624672,Fiction,23
624672,Classics,22
624672,Historical-Historical Fiction,12
18392,Fantasy,1048
18392,Young Adult,332
18392,Fiction,149
18392,Mythology-Arthurian,97
85855,Fantasy-Paranormal,82
85855,Romance-Paranormal Romance,72
85855,Romance,59
85855,Fantasy,48
85855,Adult Fiction-Erotica,44
85855,Fantasy-Urban Fantasy,37
85855,Fiction,22
85855,Paranormal-Demons,21
85855,Polyamorous-Reverse Harem,14
85855,Fantasy-Supernatural,13
3474905,Romance-Paranormal Romance,60
3474905,Fantasy-Paranormal,53
3474905,Fantasy,48
3474905,Adult Fiction-Erotica,34
3474905,Romance,31
3474905,Fantasy-Urban Fantasy,24
3474905,Paranormal-Demons,21
13996,Fantasy,706
13996,Fantasy-Dragons,154
13996,Fiction,61
13996,Science Fiction Fantasy,34
307079,Nonfiction,29
307079,Biography,24
307079,Autobiography-Memoir,20
307079,History,14
958277,Childrens,250
958277,Fiction,129
10505,Art,526
10505,Nonfiction,327
10505,History,281
10505,Philosophy,145
10505,Art-Art History,98
10505,European Literature-Italian Literature,27
10505,Cultural-Italy,24
10505,Reference,18
10505,Writing-Essays,17
10505,Historical,15
553243,Religion,15
553243,Religion-Baha I,13
553243,Spirituality,5
553243,Nonfiction,3
508098,Fiction,33
508098,Humor,16
508098,LGBT-Gay,16
508098,LGBT,12
508098,GLBT-Queer,7
508098,Humor-Comedy,6
613268,Fantasy,421
613268,Romance-M M Romance,192
613268,Romance,108
613268,LGBT,103
613268,LGBT-Gay,40
6764787,Fantasy,104
6764787,Childrens-Middle Grade,41
6764787,Mystery,39
6764787,Historical-Historical Fiction,37
6764787,Fantasy-Mythology,36
6764787,Fiction,34
6764787,Adventure,27
6764787,Northern Africa-Egypt,25
409015,Fiction,5
409015,Literary Fiction,3
409015,Academic-School,3
409015,Historical-Historical Fiction,2
54804,Westerns,350
54804,Fiction,252
54804,Historical-Historical Fiction,183
5586327,Romance-Romantic Suspense,199
5586327,Romance,109
5586327,Thriller,94
5586327,Suspense,79
5586327,Mystery,65
5586327,Mystery-Crime,64
79088,Fantasy,72
79088,Childrens,29
79088,Childrens-Middle Grade,27
79088,Fiction,22
79088,Humor,17
86524,Biography,686
86524,History,617
86524,Nonfiction,354
86524,Politics,310
86524,Politics-Presidents,125
86524,North American Hi...-American History,121
86524,Biography Memoir,44
86524,Presidents-Us Presidents,32
86524,Audiobook,24
86524,Literature-American,13
5943093,Nonfiction,11
98218,Romance,203
98218,Romance-Romantic Suspense,160
98218,Adult Fiction-Erotica,93
98218,War-Military Fiction,80
98218,Romance-Contemporary Romance,75
1002539,Mystery,319
1002539,Fiction,180
1002539,Historical-Historical Fiction,114
1002539,Thriller,90
1002539,Thriller-Mystery Thriller,38
1002539,Mystery-Crime,36
1002539,Adventure,33
1002539,Suspense,29
1002539,Historical,28
1002539,Writing-Books About Books,24
9858504,Fantasy,96
9858504,Young Adult,59
9858504,Fantasy-Paranormal,31
944211,Nonfiction,18
944211,Biography,7
944211,History,7
944211,Autobiography-Memoir,6
97408,Young Adult,216
97408,Realistic Fiction,85
97408,Fiction,59
97408,Health-Mental Health,46
2114086,Fiction,218
2114086,Childrens-Middle Grade,173
2114086,Childrens,171
2114086,Humor,144
2114086,Young Adult,94
2114086,Childrens-Juvenile,75
207802,Realistic Fiction,200
207802,Fiction,145
207802,Childrens-Middle Grade,113
207802,Childrens,112
207802,Young Adult,93
11345170,Fantasy,55
11345170,Young Adult,51
11345170,Fantasy-Paranormal,40
11345170,Romance,26
1027982,Christian,125
1027982,Religion-Theology,52
1027982,Christian-Christian Living,52
1027982,Religion-Christianity,42
1027982,Nonfiction,39
1027982,Spirituality,22
684509,Fiction,68
684509,Magical Realism,18
684509,Feminism,17
684509,European Literature-Spanish Literature,16
122986,Fiction,216
122986,Historical-Historical Fiction,36
122986,Novels,22
19311,Childrens,198
19311,Classics,90
19311,Fiction,85
19311,European Literature-Swedish Literature,44
19311,Cultural-Sweden,30
19311,European Literature-Scandinavian Literature,25
19311,Historical-Historical Fiction,15
19311,European Literature-German Literature,14
19311,Childrens-Middle Grade,13
19311,Literature-20th Century,11
263731,Fantasy,498
263731,Young Adult,95
263731,Romance,76
263731,Fiction,31
263731,Adventure,25
263731,Fantasy-Magic,23
760924,Romance,189
760924,Romance-Romantic Suspense,98
760924,Fiction,53
760924,Suspense,52
760924,Romance-Contemporary Romance,46
760924,Contemporary,43
8409257,Romance,199
8409257,Westerns,157
8409257,Adult Fiction-Erotica,127
8409257,Romance-Contemporary Romance,78
8409257,Contemporary,78
8409257,Romance-Erotic Romance,55
8409257,Romance-Western Romance,41
8409257,Fiction,17
8409257,Adult,16
8409257,Audiobook,14
9327053,Realistic Fiction,124
9327053,Childrens-Middle Grade,93
9327053,Fiction,74
9327053,Young Adult,72
9327053,Adventure,43
9327053,Mental Health-Mental Illness,40
246035,Plays,440
246035,Classics,235
246035,Drama,179
246035,Fiction,133
246035,Plays-Theatre,63
13060609,Paranormal-Angels,257
13060609,Young Adult,243
13060609,Fantasy-Paranormal,207
13060609,Romance,149
13060609,Fantasy,146
13060609,Paranormal-Demons,132
9077707,Fantasy,39
9077707,Fiction,10
9077707,Fantasy-Paranormal,10
9077707,Fantasy-Urban Fantasy,9
9077707,Paranormal-Vampires,8
9077707,Romance,7
9077707,Romance-Paranormal Romance,6
9077707,Mystery,6
9077707,Fantasy-Supernatural,4
9077707,Horror,3
900379,Christian Fiction,119
900379,Historical-Historical Fiction,118
900379,Christian,79
900379,Fiction,67
900379,Historical,39
900379,Biblical Fiction,33
900379,Romance,28
9674335,Sequential Art-Graphic Novels,1575
9674335,Sequential Art-Comics,1259
9674335,Horror,1071
9674335,Fantasy,493
9674335,Fiction,215
9674335,Graphic Novels Comics,149
7202841,Sequential Art-Graphic Novels,1725
7202841,Sequential Art-Comics,1259
7202841,Horror,1173
7202841,Fantasy,540
7202841,Fiction,225
7202841,Graphic Novels Comics,169
6014989,Poetry,13
6014989,Literature,3
6120349,Sequential Art-Graphic Novels,2001
6120349,Horror,1398
6120349,Sequential Art-Comics,1269
6120349,Fantasy,645
6120349,Fiction,265
9057190,Plays,67
9057190,Plays-Theatre,33
9057190,Fiction,18
9057190,Drama,17
9057190,Cultural-France,14
10088219,Thriller,161
10088219,Mystery,96
10088219,Suspense,58
10088219,Fiction,51
10088219,Thriller-Mystery Thriller,39
10088219,Mystery-Crime,32
5936731,Poetry,24
5936731,Asian Literature-Turkish Literature,15
5936731,Cultural-Turkish,7
2451604,Young Adult,26
2451604,Womens Fiction-Chick Lit,14
2451604,Contemporary,4
9843424,Young Adult,69
9843424,Science Fiction-Time Travel,58
9843424,Fantasy,48
9843424,Fantasy-Paranormal,46
9843424,Science Fiction,28
9843424,Romance,25
88340,Nonfiction,103
88340,Classics,57
88340,Biography,36
698034,Science Fiction,523
698034,Fiction,207
97010,Spirituality,34
97010,Philosophy,30
97010,Self Help,20
97010,Nonfiction,19
16076787,Novels,66
1249931,Historical-Historical Fiction,72
1249931,Fiction,58
1249931,War,42
1249931,War-World War I,25
1249931,Historical,21
1249931,European Literature-British Literature,10
7005479,Historical-Historical Fiction,764
7005479,Fiction,554
7005479,Magical Realism,133
7005479,Historical,127
7005479,Novels,52
7005479,European Literature-Spanish Literature,47
7005479,Audiobook,47
7005479,Romance,37
7005479,Adult,34
7005479,Womens,33
1533586,Romance,61
1533586,Asian Literature-Indonesian Literature,36
1533586,Novels,28
1533586,Fiction,17
1533586,Young Adult,16
9279734,Romance,408
9279734,Young Adult,300
9279734,Contemporary,131
9279734,Romance-Contemporary Romance,107
10706934,Nonfiction,49
16170522,Horror,55
16170522,Novels,37
8213686,Horror,199
8213686,Mystery,54
8213686,Paranormal-Ghosts,25
8213686,Fantasy-Paranormal,24
8213686,Fiction,20
8213686,Thriller,18
13839194,Fantasy,231
13839194,Fantasy-Magic,20
13839194,Fantasy-Epic Fantasy,14
13839194,Fiction,10
5988580,Religion,20
5988580,Religion-Islam,10
5988580,Nonfiction,8
5988580,Philosophy,5
5988580,Religion-God,2
5988580,Spirituality,2
1804074,Historical-Historical Fiction,159
1804074,Young Adult,85
1804074,Adventure,51
1804074,Historical,36
1804074,War,26
15808474,Fantasy,660
15808474,Historical-Historical Fiction,160
15808474,Fiction,118
15808474,Historical,54
15808474,Historical Fiction-Historical Fantasy,49
15808474,Cultural-China,38
10000191,Historical-Historical Fiction,886
10000191,Fiction,373
10000191,Historical,131
10000191,Audiobook,56
10000191,Cultural-African American,36
10000191,Book Club,32
10000191,American-Southern,29
10000191,Romance,27
10000191,Drama,23
10000191,Adult,19
16305,Mystery,2059
16305,Fiction,583
16305,Mystery-Crime,537
16305,Classics,281
16305,Mystery-Detective,172
12496,Fiction,220
12496,Plays,212
12496,Drama,93
12496,Philosophy,58
12496,Literature-American,27
12496,Religion,27
12496,Plays-Theatre,23
12496,Literature,19
12496,Contemporary,17
12496,Audiobook,16
18667718,Sequential Art-Comics,18
18667718,Fantasy,10
18667718,Sequential Art-Graphic Novels,9
18667718,Science Fiction,7
18667718,Sequential Art-Webcomic,5
18667718,Humor,3
16075538,Historical-Historical Fiction,37
16075538,Fiction,17
16075538,Cultural-Spain,5
141560,Language-Writing,363
141560,Nonfiction,210
141560,Culture-Film,174
141560,Reference,23
141560,Media Tie In,16
141560,Art,15
141560,Art-Crafts,14
141560,How To,9
141560,Reference-Research,8
141560,Textbooks,6
13638266,Romance,26
13638266,Young Adult,21
13638266,Contemporary,14
16054252,Fantasy-Paranormal,101
16054252,Young Adult,88
16054252,Fantasy,85
16054252,Paranormal-Angels,72
16054252,Romance,67
351,Science Fiction,394
351,Fiction,94
351,Young Adult,54
351,Audiobook,27
351,Science Fiction Fantasy,21
351,Adventure,16
351,Space-Space Opera,11
351,Speculative Fiction,10
351,Fantasy,9
351,Space,8
187117,Nonfiction,95
187117,Autobiography-Memoir,90
187117,Health-Medicine,31
187117,Biography,26
18731338,Fantasy-Paranormal,20
18731338,Romance,17
18731338,Romance-Paranormal Romance,16
18731338,Paranormal-Angels,10
22084848,Mystery,17
22084848,Historical,5
22084848,Thriller,5
22084848,Fiction,4
22084848,Historical-Historical Fiction,4
22084848,Mystery-Crime,3
199854,Fiction,44
199854,Historical-Historical Fiction,6
199854,Literature,5
199854,Literature-American,4
102806,Fantasy,45
102806,European Literature-Spanish Literature,8
18893988,Romance,56
18893988,New Adult,34
18893988,Young Adult,30
109889,Romance-Historical Romance,75
109889,Romance,58
109889,Historical,43
109889,Westerns,19
109889,Romance-Western Romance,8
18215802,Sequential Art-Manga,132
18215802,Manga-Manhwa,42
18215802,Fantasy,39
18215802,Sequential Art-Comics,21
18215802,Sequential Art-Graphic Novels,12
18215802,Sequential Art-Webcomic,10
18215802,Fiction,8
18215802,Adventure,7
18215802,Action,7
18215802,Young Adult,6
25623,Psychology,28
25623,Nonfiction,7
25623,Relationships,5
25623,Self Help,5
6931246,Fantasy,1568
6931246,Fiction,600
6931246,Fantasy-Urban Fantasy,358
6931246,Science Fiction,270
6931246,Horror,236
17643,Historical-Historical Fiction,209
17643,Young Adult,148
17643,Fiction,102
17643,Historical,47
17643,Cultural,27
17643,Childrens-Middle Grade,24
17643,Young Adult-Teen,20
17643,Young Adult-Coming Of Age,16
17643,Realistic Fiction,16
17643,Family,13
1688670,Fantasy,27
1688670,Fiction,19
1688670,Science Fiction,17
1688670,Roman,13
8163722,Humor,808
8163722,Nonfiction,412
8163722,Humor-Comedy,207
8163722,Politics,105
8163722,Audiobook,92
8163722,History,83
8163722,Science,42
8163722,Adult,24
8163722,Reference,20
8163722,Culture-Pop Culture,14
23637440,Romance,377
23637440,New Adult,368
23637440,Contemporary,154
23637440,Romance-Contemporary Romance,127
18298890,Fantasy,510
18298890,Horror,320
18298890,Young Adult,264
18298890,Historical-Historical Fiction,120
18298890,Fiction,96
18298890,Mystery,92
25067570,Mystery-Crime,127
25067570,Thriller,103
25067570,Mystery,99
25067570,Fiction,50
984859,Fiction,127
984859,Cultural-Ireland,74
984859,Humor,45
984859,Historical-Historical Fiction,43
984859,European Literature-Irish Literature,33
17080254,Historical-Historical Fiction,47
17080254,Childrens-Middle Grade,23
17080254,Animals,21
17080254,Historical,20
17080254,Animals-Dogs,14
17080254,Young Adult,13
17080254,Cultural-Russia,12
16145672,Classics,6
16145672,Humor,5
16145672,Childrens,5
16145672,Fantasy,3
406849,Historical-Historical Fiction,14
406849,Romance,14
406849,Cultural-Australia,10
